user_id,block_average_correctness,reverse_tap_average_correctness,reverse_translate_average_correctness,listen_average_correctness,block_average_response_time,reverse_tap_average_response_time,reverse_translate_average_response_time,listen_average_response_time,user_ability_score,average_blocks_per_session,average_blocks_per_day,average_sessions_per_day,session_length_variance,blocks_per_session_variance,blocks_per_day_variance,sessions_per_day_variance,session_count,block_count,listen,reverse_tap,reverse_translate,response_time_variance,churn_time,churn_time_category
+4kwmfjD,0.22767295597484277,0.13385826771653545,0.37894736842105264,0.375,8.138364779874214,6.6141732283464565,14.968421052631578,13.76388888888889,0.6109416468414464,53.0,159.0,3.0,12142.333333333332,1813.0,0.0,0.0,3,159,27,96,36,48.512379587612465,0.0,1
+IUzKF2l,0.3329004329004329,0.2128146453089245,0.5,0.6075949367088608,8.745454545454546,6.995238095238095,14.1875,17.155844155844157,0.6461346463709967,21.0,21.0,1.0,604.8181818181819,87.4,87.4,0.0,11,231,37,163,31,60.25454545454538,22.0,4
+Xv/6Nop,0.22971014492753625,0.14016172506738545,0.375,0.3978494623655914,12.295652173913043,9.417789757412399,17.423076923076923,23.688172043010752,0.6068829760023766,32.857142857142854,46.0,1.6,2669.1428571428573,565.1428571428572,1901.4999999999998,0.8000000000000002,7,230,40,151,39,1171.2047845073098,5.0,1
+mMyHsNU,0.239135150563722,0.0,0.25030674846625767,0.22589167767503301,10.729670329670329,0.0,10.867484662576688,13.401585204755614,0.6139778996398882,35.0,91.0,2.6,14049.910256410258,1082.3333333333333,3364.0,2.3,13,455,219,0,236,169.67786222587978,6.0,1
+ziSnwWC,0.16984486102133162,0.06578947368421052,0.26640926640926643,0.32894736842105265,12.036199095022624,5.109649122807017,21.324324324324323,16.92105263157895,0.5905963868024319,10.523809523809524,18.416666666666668,1.75,569.6619047619048,103.56190476190477,237.719696969697,0.9318181818181821,21,221,36,107,78,141.8077745783628,13.0,2
/2kCuNrB,0.07232415902140672,0.05384615384615385,0.10550458715596331,0.06741573033707865,10.220183486238533,9.98076923076923,13.610091743119266,10.9438202247191,0.5328675525862959,14.533333333333333,24.22222222222222,1.6666666666666667,679.0285714285714,153.4095238095238,366.1944444444445,0.9999999999999999,15,218,39,110,69,41.3153511182514,10.0,2
/NGnTnR2,0.10593731163351416,0.036923076923076927,0.16666666666666666,0.14935064935064934,16.724683544303797,4.683076923076923,38.91545893719807,11.357142857142858,0.548719754677178,21.066666666666666,24.307692307692307,1.2307692307692308,3438.123809523809,435.49523809523805,573.7307692307692,0.1923076923076923,15,316,60,148,108,12678.104912597952,15.0,3
/TLPIa66,0.13508476689104962,0.0,0.14136125654450263,0.1111111111111111,10.120418848167539,0.0,11.61780104712042,12.280193236714975,0.5601720543108457,12.733333333333333,14.692307692307692,1.3076923076923077,351.06666666666666,35.63809523809523,127.73076923076924,0.23076923076923075,15,191,72,0,119,42.432791402590226,16.0,3
/pH2wa8f,0.22413710450623203,0.08928571428571429,0.23105360443622922,0.23741007194244604,11.681208053691275,5.809523809523809,15.850277264325323,16.9568345323741,0.5958512658454853,29.8,74.5,2.5,5946.622222222223,1020.4000000000001,2023.0,0.33333333333333326,10,298,56,72,170,188.86435947845345,3.0,1
04woGTky,0.28873873873873873,0.25,0.21348314606741572,0.3443708609271523,12.531531531531531,3.875,14.584269662921349,14.966887417218542,0.6301439162876015,37.0,55.5,1.5,27070.333333333336,3271.0,5724.5,0.5,3,111,49,3,59,68.52399672399677,0.0,1
08edkJY1,0.17584269662921348,0.05982905982905983,0.22,0.1875,5.612359550561798,3.1196581196581197,7.468,7.4375,0.5830936080848997,59.333333333333336,178.0,3.0,44489.33333333333,7914.333333333333,0.0,0.0,3,178,31,54,93,16.340411350219007,0.0,1
0Y0WxMzh,0.1587476979742173,0.05263157894736842,0.1657142857142857,0.5833333333333334,22.569060773480665,16.842105263157894,31.102857142857143,27.180555555555557,0.5820481545456236,36.2,60.333333333333336,1.6666666666666667,1163.3000000000002,371.19999999999993,3746.333333333333,1.3333333333333335,5,181,32,96,53,3489.335481890727,2.0,1
11J7ntWb,0.10324884792626728,0.046357615894039736,0.26129032258064516,0.10989010989010989,10.070967741935483,4.9390728476821195,15.235483870967743,23.986263736263737,0.5493144508685719,25.833333333333332,33.214285714285715,1.2857142857142858,1962.1339869281048,293.9117647058824,916.9505494505495,0.21978021978021983,18,465,116,257,92,1299.992797552836,15.0,3
1sSlUg9e,0.2245014245014245,0.2571428571428571,0.12568306010928962,0.3855421686746988,20.112068965517242,12.522388059701493,24.3224043715847,25.951807228915662,0.598835197404818,9.75,13.0,1.6666666666666667,356.54545454545456,32.02272727272727,220.0,0.9999999999999999,12,117,32,24,61,227.2308095952024,18.0,3
2489VzUn,0.10711382113821138,0.05136986301369863,0.3275862068965517,0.13559322033898305,9.621951219512194,11.650684931506849,12.10344827586207,13.88135593220339,0.5460702309659736,14.909090909090908,32.8,2.2,1971.5636363636363,426.0909090909091,1380.7,3.2,11,164,26,114,24,682.0647912614095,6.0,1
29KGa08Y,0.2429304897314376,0.17326732673267325,0.26515151515151514,0.585635359116022,37.976470588235294,28.279166666666665,17.169642857142858,11.183006535947712,0.6152129055733057,17.583333333333332,38.36363636363637,2.272727272727273,1430.6503623188407,203.73188405797103,876.8545454545454,2.418181818181818,24,422,77,303,42,122820.64511347839,11.0,2
2FFGhfnV,0.16601192161939823,0.05555555555555555,0.13497822931785197,0.2515527950310559,10.878504672897197,6.074074074074074,12.584905660377359,11.503105590062113,0.5778718325842294,22.928571428571427,45.857142857142854,2.0,5450.9945054945065,482.3791208791209,1450.142857142857,1.6666666666666667,14,321,98,16,207,53.04456775700938,5.0,1
2LLZUhZ2,0.08688725490196078,0.04824561403508772,0.32558139534883723,0.061224489795918366,7.161764705882353,6.175438596491228,12.209302325581396,12.26530612244898,0.5402799765098268,9.066666666666666,13.6,1.5,364.09523809523813,95.06666666666665,387.1555555555555,0.9444444444444444,15,136,23,95,18,27.869934640522875,11.0,2
353OqCnQ,0.18640595903165735,0.1167192429022082,0.42028985507246375,0.3,9.449704142011834,6.935593220338983,25.46268656716418,15.066666666666666,0.5893356281930178,19.88888888888889,29.833333333333332,1.5,781.0277777777776,133.86111111111114,329.3666666666667,0.7,9,179,26,127,26,207.27275288813746,8.0,2
3AjZgblq,0.09034608378870673,0.04833836858006042,0.288135593220339,0.08450704225352113,7.246376811594203,7.264925373134329,10.78,10.88679245283019,0.5386815132930893,10.764705882352942,14.076923076923077,1.3076923076923077,366.8602941176471,49.06617647058823,50.07692307692307,0.23076923076923075,17,183,34,125,24,40.58119115624668,14.0,3
3VVuNWlx,0.26637864823348695,0.0,0.29046563192904656,0.17079889807162535,9.755760368663594,0.0,11.89578713968958,8.909090909090908,0.6232260293789853,25.529411764705884,54.25,2.125,4013.882352941176,416.6397058823529,2089.0714285714284,0.9821428571428571,17,434,137,0,297,114.73466651057362,19.0,3
3bKILYYu,0.06434481594056063,0.04046242774566474,0.13548387096774195,0.03508771929824561,7.858156028368795,4.4393063583815024,15.229032258064516,9.263157894736842,0.5347992444721842,23.5,56.4,2.4,1989.969696969697,338.6363636363636,3644.8,2.3,12,282,46,153,83,54.21468413215215,3.0,1
3kFIZiPa,0.1129368894993895,0.03860294117647059,0.1721915285451197,0.15966386554621848,8.685897435897436,3.8400735294117645,13.046040515653775,13.380952380952381,0.5620447050044832,20.129032258064516,44.57142857142857,2.2857142857142856,2944.556989247312,390.8494623655913,2545.186813186813,2.681318681318681,31,624,120,235,269,57.22702391241709,13.0,2
3ll4KcUX,0.16643192488262912,0.0,0.05898876404494382,0.68,39.29577464788732,0.0,46.05337078651685,21.02,0.5489041940553698,12.909090909090908,23.666666666666668,1.8333333333333333,1137.6909090909094,115.0909090909091,461.0666666666666,0.5666666666666667,11,142,23,0,119,48443.99700329641,8.0,2
4/NY9k5b,0.07046951044947036,0.024742268041237112,0.09422850412249706,0.1358695652173913,9.983967935871744,3.8804123711340206,16.023557126030624,14.940217391304348,0.5332736233678212,23.761904761904763,29.352941176470587,1.2941176470588236,2761.7142857142853,260.5904761904762,278.61764705882354,0.2205882352941177,21,499,70,209,220,65.03187097085733,17.0,3
4ERQl9jr,0.22889408099688474,0.06926406926406926,0.3644067796610169,0.4215686274509804,15.598130841121495,9.012987012987013,27.411016949152543,20.5,0.6192208066642518,26.75,35.666666666666664,1.8333333333333333,1697.267857142857,381.07142857142856,483.8666666666666,0.5666666666666667,8,214,41,106,67,164.03492606730728,5.0,1
4KptaI0f,0.10580645161290321,0.075,0.16049382716049382,0.14754098360655737,15.316129032258065,5.129166666666666,42.17283950617284,18.295081967213115,0.5457451140720364,38.75,77.5,2.5,3989.666666666666,806.9166666666666,3612.5,0.5,4,155,25,99,31,10021.594218684539,1.0,1
4WGIjXPN,0.15867052023121386,0.04460966542750929,0.4270833333333333,0.2641509433962264,8.128654970760234,6.702602230483271,13.083333333333334,13.847826086956522,0.5762029082754831,15.727272727272727,17.3,1.2,499.0,89.41818181818181,105.56666666666666,0.17777777777777776,11,173,24,111,38,31.842174062607494,11.0,2
4sSxewiU,0.18645418326693225,0.1386861313868613,0.33695652173913043,0.18627450980392157,9.928286852589641,9.941605839416058,19.054347826086957,13.57843137254902,0.5831973857020466,25.1,125.5,5.5,5197.611111111111,1040.1,1624.5,0.5,10,251,50,166,35,80.49883665338643,1.0,1
5CH4np96,0.09716775599128541,0.044,0.1561712846347607,0.11764705882352941,9.117647058823529,3.712,15.410579345088161,10.183823529411764,0.552114312640751,13.304347826086957,27.818181818181817,2.1818181818181817,501.6798418972332,106.58498023715414,471.3636363636364,1.3636363636363638,23,306,60,125,121,85.09431051108963,11.0,2
5J8cZq5c,0.09268707482993198,0.06017191977077364,0.11594202898550725,0.1,8.352941176470589,9.128440366972477,6.071428571428571,5.055555555555555,0.5332459818719112,21.77777777777778,32.666666666666664,1.5,2884.194444444444,614.4444444444445,1702.6666666666667,0.7,9,196,35,139,22,534.5929411764705,13.0,2
5Kj80WvU,0.17459839357429718,0.06046511627906977,0.22962962962962963,0.37254901960784315,130.97590361445782,6.674418604651163,662.9333333333333,19.745098039215687,0.4780859155538029,8.736842105263158,23.714285714285715,2.7142857142857144,140.43274853801168,19.76023391812866,98.23809523809523,0.904761904761905,19,166,26,100,40,1242557.4175976631,6.0,1
5KqRM0Ek,0.13134057971014493,0.10377358490566038,0.1509433962264151,0.10256410256410256,187.92934782608697,43.216981132075475,202.0188679245283,12.679487179487179,0.5188780939556011,10.222222222222221,36.8,3.8,771.2320261437907,151.47712418300654,2214.7,5.699999999999999,18,184,35,98,51,4067334.568751484,4.0,1
5cJccRj6,0.10453474676089516,0.0,0.11914893617021277,0.058394160583941604,9.954063604240282,0.0,10.445390070921986,14.153284671532846,0.5497902534418813,15.722222222222221,18.866666666666667,1.2,2642.7712418300653,295.74183006535947,454.69523809523804,0.1714285714285714,18,283,55,0,228,84.43405257750037,24.0,4
5qQ0eQ1R,0.2026256844201095,0.08892763731473409,0.149812734082397,0.6755852842809364,6.461672473867596,5.6346992153443765,12.644194756554308,5.725752508361204,0.5974537723672135,27.333333333333332,44.15384615384615,1.8461538461538463,4854.857142857143,463.3333333333332,1255.8076923076922,1.3076923076923077,21,574,117,374,83,863.2786331490835,15.0,3
5vQFb/TH,0.11305950500263295,0.04721030042918455,0.1782178217821782,0.10476190476190476,9.203791469194313,5.819742489270387,18.04950495049505,10.761904761904763,0.5487276601966169,42.2,105.5,2.5,8821.5,1063.7,10512.5,0.5,5,211,43,112,56,46.92493793726019,2.0,1
6AIhqKnw,0.14854189737910667,0.10424710424710425,0.3,0.2692307692307692,6.545454545454546,6.25,10.03125,3.5,0.5764688812789149,32.25,64.5,2.0,6414.916666666667,789.5833333333334,4.5,0.0,4,129,19,91,19,16.255681818181824,2.0,1
6Iox8M7G,0.13758241758241757,0.059654631083202514,0.212481426448737,0.1432192648922687,21.355555555555554,15.427001569858712,27.288261515601782,28.157160963244614,0.5595097860879279,30.789473684210527,48.75,1.75,6250.707602339182,497.50877192982483,1646.9318181818182,0.5681818181818182,19,585,228,172,185,447.33911719939124,10.0,2
6SZoFI3a,0.05153846153846154,0.03333333333333333,0.03296703296703297,0.09523809523809523,9.338461538461539,5.555555555555555,18.47252747252747,15.976190476190476,0.5160739363235092,8.666666666666666,11.818181818181818,1.3636363636363635,516.5523809523809,141.52380952380955,236.36363636363632,0.2545454545454546,15,130,19,82,29,72.96982707215265,15.0,3
6o7YKfDH,0.14442090395480228,0.06060606060606061,0.17842323651452283,0.3522727272727273,17.728813559322035,13.045454545454545,28.568464730290458,23.079545454545453,0.566751779902378,10.26086956521739,29.5,2.875,468.17786561264836,88.83794466403162,333.42857142857144,0.6964285714285714,23,236,42,122,72,236.12188965019817,7.0,2
6xoa3KDG,0.17168982306139413,0.14864864864864866,0.19463087248322147,0.23648648648648649,14.820448877805486,14.993857493857494,17.268456375838927,9.858108108108109,0.5768540870795592,18.227272727272727,40.1,2.4,2498.0714285714284,274.27922077922074,709.6555555555556,2.9333333333333327,22,401,66,289,46,17705.772680798,11.0,2
7O3alDyQ,0.15398985970673812,0.07794871794871795,0.28187919463087246,0.24932249322493225,26.275862068965516,22.064615384615383,50.33892617449664,31.067750677506776,0.5639317145905361,14.128205128205128,42.38461538461539,3.0,737.9892037786773,77.27260458839407,358.7564102564102,1.0,39,551,137,321,93,12284.654670846388,12.0,2
7Tdec8Qn,0.1918123888559573,0.05970149253731343,0.27476415094339623,0.23076923076923078,32.885892116182575,9.233830845771145,56.679245283018865,36.51505016722408,0.5874933980214512,17.214285714285715,43.81818181818182,2.6363636363636362,1203.4854497354497,106.54497354497356,1284.9636363636364,2.254545454545455,28,482,98,171,213,21276.80815814218,11.0,2
7jY3FNkf,0.12995271544122117,0.0,0.11842833425567238,0.14696184644371174,18.013409961685824,0.0,19.114554510237962,20.78662270372115,0.5581492456433708,21.75,61.411764705882355,2.9411764705882355,6141.601063829786,420.4468085106383,2541.6323529411766,2.4338235294117654,48,1044,578,0,466,195.79272508201004,16.0,3
8favp0ag,0.03678030303030303,0.050970873786407765,0.0,0.037383177570093455,7.327272727272727,7.162621359223301,10.379310344827585,12.271028037383177,0.517968287800972,24.444444444444443,36.666666666666664,1.5,3959.8611111111113,727.2777777777779,1895.4666666666667,0.7,9,220,44,152,24,69.06135325861351,5.0,1
8gckxaUD,0.18798315763964618,0.06358381502890173,0.2252836304700162,0.35148514851485146,16.111959287531807,7.213872832369942,26.124797406807133,24.866336633663366,0.5906796112328375,19.65,35.72727272727273,2.0,1357.565789473684,172.34473684210522,934.0181818181818,1.0,20,393,78,149,166,248.0690657942564,13.0,2
8jVsHOlY,0.20282505729564554,0.10625,0.2264957264957265,0.18604651162790697,43.22117647058823,186.4625,30.224786324786326,10.30232558139535,0.584775566438706,20.238095238095237,38.63636363636363,1.9090909090909092,4439.257142857143,336.19047619047626,771.4545454545455,0.6909090909090909,21,425,33,70,322,239273.9698335181,11.0,2
8nQBlgIt,0.18398001175778952,0.07927927927927927,0.4624277456647399,0.3153846153846154,31.367283950617285,27.82882882882883,55.19653179190752,36.56153846153846,0.5809612613887505,23.142857142857142,40.5,1.875,3725.758241758242,415.51648351648356,1398.0,0.9821428571428571,14,324,57,209,58,2233.97923594389,12.0,2
96BoonfA,0.19120319883678663,0.056856187290969896,0.2936802973977695,0.38405797101449274,13.492366412213741,3.9163879598662206,28.650557620817843,18.463768115942027,0.5984321352620845,18.714285714285715,52.4,2.8,2286.7252747252746,303.9120879120879,4648.8,3.7,14,262,54,136,72,4121.59189552806,4.0,1
9Tk4G0VR,0.23703703703703702,0.12256267409470752,0.5192307692307693,0.47619047619047616,23.63131313131313,20.194986072423397,50.67307692307692,41.642857142857146,0.6002737845717827,19.8,49.5,2.75,986.0555555555555,158.4,1619.6666666666667,2.2500000000000004,10,198,39,141,18,378.42683176947156,3.0,1
9UK9u3GL,0.38498062015503876,0.0,0.39215686274509803,0.18518518518518517,26.877906976744185,0.0,27.50420168067227,25.962962962962962,0.6705180515820515,10.117647058823529,19.11111111111111,1.8888888888888888,942.029411764706,149.86029411764707,182.86111111111111,1.1111111111111112,17,172,24,0,148,8587.850503195974,12.0,2
9anH9K01,0.03493589743589744,0.0,0.05904059040590406,0.024390243902439025,20.85576923076923,0.0,24.619926199261993,25.682926829268293,0.5163938411099963,17.333333333333332,34.666666666666664,2.0,1032.8,97.86666666666666,121.33333333333331,1.0,6,104,16,0,88,343.75569454817037,2.0,1
9cVJDuzH,0.221484375,0.07614213197969544,0.3342857142857143,0.20909090909090908,53.11328125,4.071065989847716,142.53142857142856,12.518181818181818,0.5832343042595877,12.8,42.666666666666664,3.5,1009.2921052631579,192.16842105263163,998.6666666666667,5.1,20,256,51,100,105,302258.3204503675,5.0,1
9eOFYrld,0.17372598162071845,0.06553398058252427,0.2192866578599736,0.23157894736842105,18.5,9.985436893203884,28.25099075297226,19.726315789473684,0.577765581889689,19.82608695652174,45.6,2.3,830.7193675889328,147.60474308300397,419.6,0.8999999999999999,23,456,74,184,198,764.7560439560431,16.0,3
9kFezTps,0.1397347174163783,0.09333333333333334,0.1491395793499044,0.08695652173913043,7.384083044982699,6.073333333333333,8.602294455066922,8.660869565217391,0.5611584628980005,19.266666666666666,48.166666666666664,2.5,3487.123809523809,374.20952380952383,1455.3666666666668,0.7,15,289,47,66,176,31.077662437524054,5.0,1
9qGJi0sT,0.15074679318221754,0.0821917808219178,0.2672413793103448,0.27586206896551724,7.870848708487085,5.189497716894977,14.40948275862069,16.086206896551722,0.5785259056771359,33.875,38.714285714285715,1.4285714285714286,1367.0714285714287,194.41071428571425,634.2380952380952,0.6190476190476192,8,271,46,163,62,66.1128877955446,6.0,1
ACt+gDfP,0.1764035087719298,0.07766990291262135,0.26519337016574585,0.3835616438356164,17.157894736842106,11.95631067961165,26.569060773480665,22.315068493150687,0.5915207634367987,19.0,31.666666666666668,1.6666666666666667,1636.2222222222222,350.44444444444446,1327.0666666666666,1.0666666666666667,10,190,33,101,56,959.2236145920364,8.0,2
AIM0TOru,0.06896551724137931,0.016194331983805668,0.23809523809523808,0.13636363636363635,8.806896551724138,7.967611336032388,15.547619047619047,16.136363636363637,0.5256466797041967,6.304347826086956,8.055555555555555,1.3333333333333333,58.80632411067193,13.403162055335967,39.23202614379085,0.23529411764705893,23,145,23,104,18,33.462452107279695,22.0,4
AS83Q0If,0.13903229608675152,0.04,0.2189239332096475,0.2112676056338028,69.85396039603961,4.868235294117647,191.82745825602967,22.065727699530516,0.5354509398813826,33.666666666666664,44.888888888888886,1.3333333333333333,4035.901515151515,411.69696969696975,929.6111111111111,0.25,12,404,78,184,142,1299786.9686939537,10.0,2
AZVuO+oN,0.157058334765916,0.0,0.12264150943396226,0.24028268551236748,22.068592057761734,0.0,24.803459119496857,25.83745583038869,0.5684256770203189,13.85,16.294117647058822,1.3529411764705883,792.9973684210526,54.97631578947368,98.72058823529412,0.3676470588235293,20,277,86,0,191,219.4409302568932,21.0,4
Agcud+3E,0.15276292335115865,0.09392265193370165,0.1658291457286432,0.3142857142857143,11.919786096256685,4.535911602209945,23.22613065326633,17.17142857142857,0.5735291958699429,62.333333333333336,62.333333333333336,1.3333333333333333,13588.0,2396.333333333333,2056.333333333333,0.33333333333333337,3,187,33,94,60,130.98815479270888,4.0,1
AknRcHtR,0.18474842767295596,0.1345565749235474,0.2,0.3125,9.877358490566039,7.614678899082569,17.223076923076924,17.6875,0.5834407412754071,19.272727272727273,30.285714285714285,1.8571428571428572,1995.163636363636,259.81818181818187,265.90476190476187,0.4761904761904761,11,212,37,128,47,103.94697308414551,7.0,2
Az9MzXjR,0.05703125,0.036585365853658534,0.15151515151515152,0.02,7.4375,4.189024390243903,17.272727272727273,10.8,0.5310319376895886,6.4,11.636363636363637,1.9090909090909092,433.29210526315796,77.30526315789473,146.65454545454546,0.890909090909091,20,128,20,79,29,94.68897637795278,11.0,2
BC9vZxz5,0.11183712121212121,0.08097165991902834,0.1715686274509804,0.6666666666666666,14.926136363636363,5.02834008097166,36.3921568627451,61.0,0.5542342241405402,12.571428571428571,22.0,1.75,440.4175824175825,83.95604395604397,273.14285714285717,0.7857142857142858,14,176,1,113,62,368.6402272727271,7.0,2
BJX/HBTr,0.10256410256410256,0.043010752688172046,0.12320328542094455,0.041237113402061855,15.405982905982906,7.881720430107527,18.737166324435318,16.443298969072163,0.5428083545083497,26.0,78.0,3.0,2362.694444444445,278.25,1843.0,4.0,9,234,38,36,160,88.6456292872602,2.0,1
BjmkGN3A,0.14115755627009646,0.0665083135391924,0.16740088105726872,0.25595238095238093,10.742765273311898,9.482185273159145,14.123348017621145,19.25,0.5611870854342532,17.27777777777778,44.42857142857143,2.5714285714285716,4796.823529411764,784.565359477124,2295.952380952381,0.9523809523809522,18,311,67,166,78,349.8174878124677,6.0,1
Bs94Khpa,0.05126582278481013,0.04046242774566474,0.08536585365853659,0.0,99.70886075949367,5.19364161849711,9.829268292682928,413.0,0.48806222934815474,21.545454545454547,33.857142857142854,1.5714285714285714,1928.2545454545457,353.0727272727274,1645.4761904761906,0.619047619047619,11,237,50,132,55,2097230.2580991206,6.0,1
C/nJylIN,0.12202680067001674,0.046610169491525424,0.15428571428571428,0.19047619047619047,9.597989949748744,4.656779661016949,19.485714285714284,16.297619047619047,0.5493418993533791,18.09090909090909,39.8,2.2,1053.0,238.0909090909091,1459.6999999999998,1.2,11,199,37,110,52,83.8274706867672,4.0,1
C5SBI/le,0.19641569508826145,0.06237816764132553,0.3527397260273973,0.28,34.12586037364798,7.825860948667966,15.41324200913242,128.54777777777778,0.5804249123208658,42.375,145.28571428571428,3.5714285714285716,14999.853260869566,1172.5054347826085,7616.571428571428,0.6190476190476191,24,1017,281,488,248,382289.4093404254,6.0,1
C6QU2/H8,0.08825431034482759,0.06367924528301887,0.23076923076923078,0.10185185185185185,6.315789473684211,5.026109660574413,12.931506849315069,12.353535353535353,0.5426707772247829,17.846153846153847,25.77777777777778,1.4444444444444444,917.7435897435897,98.3076923076923,206.94444444444446,0.2777777777777778,13,232,44,162,26,28.61133603238866,17.0,3
CEvzPNZq,0.11912372254838008,0.05069124423963134,0.3076923076923077,0.32941176470588235,38.78082191780822,45.31336405529954,13.865384615384615,9.51764705882353,0.5415268649503239,14.6,31.285714285714285,2.142857142857143,659.2095238095238,119.25714285714287,650.2380952380953,1.1428571428571428,15,219,36,162,21,112933.0985295966,7.0,2
CKVpnYqn,0.07906976744186046,0.05303030303030303,0.11971830985915492,0.05128205128205128,5.534883720930233,2.9318181818181817,9.690140845070422,7.128205128205129,0.5386761238947101,9.923076923076923,32.25,3.25,222.07692307692307,38.243589743589745,210.91666666666666,0.25000000000000006,13,129,19,64,46,17.125726744186046,3.0,1
CY7ynbJa,0.23478260869565218,0.0,0.265625,0.0,17.608695652173914,0.0,20.671875,0.0,0.6237540132646033,7.666666666666667,7.666666666666667,1.0,325.33333333333337,49.33333333333333,49.33333333333333,0.0,3,23,0,0,23,109.97628458498025,1.0,1
ChY6t7Vx,0.15955026455026455,0.08605341246290801,0.5,0.42028985507246375,11.977777777777778,10.43026706231454,32.59615384615385,16.0,0.5856619726639752,30.0,25.714285714285715,1.1428571428571428,2620.2666666666664,385.6,252.57142857142858,0.14285714285714285,6,180,31,132,17,94.55816263190562,8.0,2
CmTJozfq,0.12372670108232418,0.0943579766536965,0.23203285420944558,0.18012422360248448,10.27355623100304,9.0034046692607,18.57700205338809,16.902173913043477,0.5610775479001151,29.90909090909091,44.86363636363637,1.5,3797.6268939393935,333.1477272727272,388.31385281385275,0.7380952380952381,33,987,222,625,140,149.93928987589192,20.0,3
Cv7+fFiF,0.1655328798185941,0.1014799154334038,0.20055710306406685,0.2348993288590604,11.364145658263306,8.367864693446089,20.250696378830085,11.644295302013424,0.5732105696308003,18.789473684210527,25.5,1.3571428571428572,812.9122807017543,89.61988304093568,139.96153846153845,0.4010989010989012,19,357,58,184,115,144.41758725962305,13.0,2
D4C7e9MW,0.1491869918699187,0.07857142857142857,0.3918918918918919,0.27102803738317754,8.483739837398375,6.916666666666667,17.027027027027028,15.42056074766355,0.5714672994952413,18.923076923076923,27.333333333333332,1.4444444444444444,1678.3589743589746,394.9102564102564,835.0,0.2777777777777778,13,246,48,170,28,53.65483656877387,10.0,2
DJIB6jZU,0.07814814814814815,0.0375,0.14285714285714285,0.1276595744680851,14.688888888888888,5.15625,30.46031746031746,25.04255319148936,0.5373600357676909,16.875,27.0,1.6,304.5535714285714,96.98214285714286,266.5,0.8,8,135,20,78,37,636.6189054726366,4.0,1
DLU4YEWm,0.04802371541501976,0.035545023696682464,0.13821138211382114,0.018518518518518517,9.145569620253164,7.066666666666666,23.416666666666668,11.458823529411765,0.5211100142387055,7.90625,12.65,1.6,380.5715725806452,31.829637096774192,60.66052631578946,0.3578947368421051,32,253,43,167,43,126.41816496009037,22.0,4
DOlW4+Oh,0.09156038647342994,0.05063291139240506,0.1865079365079365,0.06463878326996197,13.827826086956522,10.433831990794015,23.136904761904763,16.684410646387832,0.5406443046466973,27.38095238095238,35.9375,1.3125,4490.590476190477,405.447619047619,405.79583333333335,0.22916666666666669,21,575,103,309,163,783.9929525829417,18.0,3
DZVmdDIm,0.141548463356974,0.0,0.14556962025316456,0.18823529411764706,26.20567375886525,0.0,47.072784810126585,11.223529411764705,0.5600091714436244,10.071428571428571,23.5,2.3333333333333335,634.0934065934066,84.99450549450549,412.7,1.4666666666666668,14,141,34,0,107,35429.92168186423,5.0,1
Dc0eIisl,0.1053921568627451,0.0,0.13836477987421383,0.12605042016806722,23.372549019607842,0.0,19.654088050314467,38.05042016806723,0.5544835578201291,3.7777777777777777,7.846153846153846,2.076923076923077,93.83190883190883,9.64102564102564,21.30769230769231,0.5769230769230769,27,102,45,0,57,405.20636769559314,14.0,3
Did1Owyh,0.12056685640939785,0.05091649694501019,0.24661246612466126,0.16287878787878787,14.035911602209945,11.723014256619145,28.940379403794037,21.62121212121212,0.5620968516272189,13.407407407407407,24.133333333333333,1.8,742.7037037037038,66.94301994301993,283.2666666666667,0.45714285714285713,27,362,84,175,103,1063.447460247011,15.0,3
Dk0VkSaF,0.16432032115171652,0.04230769230769231,0.2184557438794727,0.22929936305732485,17.63081395348837,4.530769230769231,24.915254237288135,36.955414012738856,0.5766285954413863,20.235294117647058,49.142857142857146,2.4285714285714284,1397.0661764705885,249.81617647058826,1509.4761904761906,3.285714285714286,17,344,63,128,153,1988.6475608515839,7.0,2
DxyxAqn3,0.23773946360153256,0.13953488372093023,0.18972332015810275,0.6181818181818182,11.942196531791907,8.286821705426357,13.97211155378486,16.78181818181818,0.6088769800729239,12.428571428571429,29.0,2.5,353.1043956043956,75.34065934065933,794.4,2.7,14,174,27,56,91,87.93849979835998,6.0,1
Erzx0lr2,0.05025062656641604,0.03389830508474576,0.10810810810810811,0.043478260869565216,7.932330827067669,4.1807909604519775,16.495495495495497,16.130434782608695,0.5255935089922658,8.3125,14.777777777777779,1.7777777777777777,558.25,113.56250000000001,239.19444444444446,1.9444444444444444,16,133,20,81,32,57.47265892002733,11.0,2
FP0UdPJw,0.22811704834605598,0.15454545454545454,0.4111111111111111,0.2727272727272727,29.65648854961832,63.195454545454545,12.488888888888889,19.84090909090909,0.5975496195046788,10.076923076923077,14.555555555555555,1.4444444444444444,381.8589743589744,44.910256410256416,79.02777777777779,0.5277777777777777,13,131,19,81,31,38174.042630651806,9.0,2
FboSTR1h,0.07247146792601339,0.03273809523809524,0.13802816901408452,0.09090909090909091,9.929292929292929,4.898809523809524,16.385915492957746,20.704545454545453,0.5383135816843024,33.0,99.0,3.0,1655.0277777777778,269.25,11911.0,7.0,9,297,54,152,91,168.3970106470106,2.0,1
FprRbHQ/,0.2099242424242424,0.09090909090909091,0.2724358974358974,0.1308411214953271,1164.9185185185186,21.86,1268.3902439024391,1558.406779661017,0.099644128113879,13.75,27.5,2.0,1900.9166666666667,398.3333333333333,1294.8571428571427,0.5714285714285714,16,220,44,60,116,58257172.53808733,9.0,2
G3aSuYdC,0.17014814814814813,0.050473186119873815,0.4,0.25,9.20888888888889,6.504731861198739,14.553333333333333,19.125,0.5849761565267421,22.5,56.25,2.5,2651.211111111111,541.1666666666666,3976.2500000000005,1.6666666666666663,10,225,44,135,46,181.3445634920634,4.0,1
GzCqsB8P,0.16293419224453706,0.08183632734530938,0.20853080568720378,0.24050632911392406,11.67574931880109,5.730061349693251,20.879146919431278,16.903846153846153,0.571390998008557,25.133333333333333,29.0,1.1538461538461537,3335.9238095238097,340.12380952380954,620.6666666666666,0.14102564102564102,15,377,64,178,135,453.0503119369877,16.0,3
HF6oVrKy,0.29178981937602627,0.08383233532934131,0.4262948207171315,0.37,14.916256157635468,5.017964071856287,22.637450199203187,38.67,0.6437227429906347,20.3,101.5,5.0,3273.2888888888883,636.0111111111113,180.5,0.0,10,203,42,83,78,1021.2058235380184,1.0,1
HI7m890h,0.3232305936073059,0.18604651162790697,0.3458333333333333,0.3925925925925926,14.082191780821917,10.151162790697674,19.48125,15.696296296296296,0.6521076281289778,14.6,24.333333333333332,2.0,1452.6605263157894,162.14736842105262,347.8787878787878,1.0909090909090908,20,292,56,76,160,91.42277456103186,11.0,2
HKV+gtB9,0.15264663805436335,0.06140350877192982,0.29245283018867924,0.12048192771084337,7.0,6.078947368421052,11.43867924528302,9.385542168674698,0.5693641620513313,33.285714285714285,58.25,1.75,1093.6666666666667,122.90476190476188,2784.25,2.25,7,233,35,128,70,22.905172413793114,7.0,2
HOGXKM4L,0.12153679653679653,0.08571428571428572,0.14342629482071714,0.09433962264150944,15.168831168831169,12.971428571428572,18.52191235059761,17.82389937106918,0.5528583804428037,19.25,25.666666666666668,1.6666666666666667,3375.125,415.9285714285714,1742.6666666666665,1.4666666666666663,8,154,59,11,84,160.14124437653848,12.0,2
HX47RDnZ,0.18930710835058662,0.06629834254143646,0.17211538461538461,0.2229064039408867,15.234782608695653,10.204419889502763,16.751923076923077,18.95320197044335,0.5840198263524203,17.96875,47.916666666666664,2.6666666666666665,2866.5796370967737,240.86995967741933,700.6287878787879,1.696969696969697,32,575,236,53,286,244.65384032722292,10.0,2
Hb3quUKm,0.20811965811965813,0.0,0.10407239819004525,0.3951612903225806,11.23076923076923,0.0,13.407239819004525,12.120967741935484,0.5986753143105633,23.4,23.4,1.0,5206.5,616.3000000000001,616.3000000000001,0.0,5,117,43,0,74,132.02387267904516,19.0,3
HfjAWoMd,0.07600732600732601,0.04040404040404041,0.16,0.10714285714285714,8.604395604395604,9.242424242424242,12.76,10.392857142857142,0.525620651818728,6.066666666666666,11.375,1.875,80.78095238095237,10.780952380952382,89.98214285714286,2.125,15,91,13,68,10,70.59731379731376,10.0,2
HqmcL2Hh,0.1412655971479501,0.05853658536585366,0.24019607843137256,0.10227272727272728,7.823529411764706,4.078048780487805,14.568627450980392,8.613636363636363,0.566396706424846,13.357142857142858,15.583333333333334,1.1666666666666667,931.0384615384615,187.9395604395604,316.81060606060606,0.3333333333333333,14,187,35,91,61,40.6944971537002,11.0,2
IBQO/fmU,0.08836206896551724,0.0,0.07751937984496124,0.14705882352941177,12.577586206896552,0.0,14.131782945736434,14.191176470588236,0.5398142452096636,19.333333333333332,29.0,1.5,889.0666666666668,105.06666666666668,384.6666666666667,0.3333333333333333,6,116,29,0,87,59.9852323838081,9.0,2
IZFRqUEZ,0.16737891737891736,0.10386473429951691,0.41333333333333333,0.18823529411764706,12.487179487179487,12.207729468599034,18.44,17.6,0.5723409967087237,14.625,29.25,2.0,833.45,168.5166666666666,1117.642857142857,1.4285714285714284,16,234,38,165,31,178.01914823374057,9.0,2
Iak5jjD5,0.15305676855895195,0.13333333333333333,0.16152019002375298,0.05825242718446602,7.069868995633188,3.8555555555555556,8.140142517814727,9.106796116504855,0.566669683047092,13.470588235294118,20.818181818181817,1.5454545454545454,617.8602941176471,76.01470588235294,271.7636363636363,0.4727272727272728,17,229,43,41,145,52.63544778978012,14.0,3
Imww7CSG,0.1520002145002145,0.0688622754491018,0.28534031413612565,0.1780821917808219,7.5654596100278555,6.65036231884058,11.171014492753622,9.040816326530612,0.5727108050608861,19.304347826086957,27.75,1.4375,889.0592885375495,93.94861660079052,129.8,0.2625,23,444,86,238,120,74.3022673161015,20.0,3
JW8obG3r,0.1241624257845632,0.053156146179401995,0.2751937984496124,0.1044776119402985,8.717557251908397,4.322259136212624,17.9031007751938,13.805970149253731,0.5679583827871872,16.375,18.714285714285715,1.2142857142857142,646.2291666666666,96.78333333333335,128.21978021978023,0.18131868131868129,16,262,54,139,69,55.78198941241845,13.0,2
JehIeHcB,0.2016377454936777,0.08157524613220815,0.3562091503267974,0.3491686460807601,9.648305084745763,6.962025316455696,12.875816993464053,16.425178147268408,0.6043631395211769,27.764705882352942,47.2,1.8,8613.132352941177,959.9411764705884,4384.177777777778,0.6222222222222222,17,472,139,236,97,133.76989096405077,12.0,2
JkJ31O/N,0.1096307094266278,0.06544202066590127,0.20398009950248755,0.18796992481203006,16.191836734693876,7.896670493685419,61.691542288557216,18.12406015037594,0.5474138529898616,28.823529411764707,54.44444444444444,2.0,3530.7205882352937,577.5294117647059,2393.527777777778,1.75,17,490,110,305,75,14157.685004799474,11.0,2
JtgUtTEq,0.13917910447761192,0.09012875536480687,0.4146341463414634,0.18604651162790697,16.940298507462686,13.051502145922747,32.73170731707317,34.53488372093023,0.5644436031997546,14.88888888888889,33.5,2.25,414.44444444444446,101.61111111111111,771.6666666666669,0.9166666666666669,9,134,20,97,17,1488.6731006621028,5.0,1
JwzwneRb,0.08979665940450254,0.05945945945945946,0.18045112781954886,0.03278688524590164,6.928104575163399,4.108108108108108,15.180451127819548,8.278688524590164,0.5450156725677455,13.909090909090908,38.25,2.75,1214.4727272727273,159.2909090909091,586.9166666666666,2.25,11,153,28,90,35,31.580323357413143,4.0,1
KPHN1r/s,0.129463375564293,0.0590318772136954,0.2708333333333333,0.24788732394366197,12.41588785046729,10.132616487455197,25.369565217391305,21.81449275362319,0.5615168125721413,33.53846153846154,43.6,1.3,2859.692307692308,200.6025641025641,306.9333333333333,0.4555555555555555,13,436,116,265,55,163.83131607170205,11.0,2
KVDTZTo0,0.08893557422969188,0.04830917874396135,0.2894736842105263,0.06451612903225806,5.80672268907563,5.4396135265700485,9.789473684210526,8.67741935483871,0.538861212034757,19.833333333333332,39.666666666666664,2.0,3426.4,778.1666666666666,1825.3333333333333,0.0,6,119,16,86,17,23.58097137159948,2.0,1
KxwCPl2V,0.18536693191865602,0.12946428571428573,0.16,0.29239766081871343,14.159574468085106,9.321428571428571,18.568438003220614,14.473684210526315,0.5808037140208144,31.416666666666668,41.888888888888886,1.6666666666666667,2059.454545454545,262.4469696969697,540.861111111111,0.5,12,377,74,94,209,138.23046808510648,10.0,2
LKo9j8Iu,0.20340236686390534,0.13636363636363635,0.25,0.10344827586206896,13.508960573476703,9.06993006993007,17.459627329192546,8.873563218390805,0.5948645093231618,13.0,17.789473684210527,1.4736842105263157,639.7538461538462,112.64,228.1754385964912,0.7076023391812866,26,338,58,88,192,578.3875093473614,22.0,4
LPq7V+3b,0.2122838190002369,0.061855670103092786,0.24624624624624625,0.125,9.159203980099502,6.247422680412371,11.57957957957958,11.7375,0.591437771021143,33.5,100.5,3.0,5992.4,1160.3,19404.5,8.0,6,201,37,47,117,38.81452736318408,1.0,1
LT4e0TEx,0.14748263888888888,0.10606060606060606,0.24,0.23943661971830985,5.884816753926701,4.766666666666667,9.973333333333333,13.119402985074627,0.5705585409853247,27.428571428571427,32.0,1.3333333333333333,7752.666666666667,1118.6190476190475,1628.4,0.2666666666666667,7,192,34,128,30,34.57613667677045,9.0,2
LjmXOFkL,0.1981292517006803,0.1471264367816092,0.23552894211576847,0.21393034825870647,11.222972972972974,5.748743718592965,12.254901960784315,39.557377049180324,0.5931256851287984,32.666666666666664,65.33333333333333,2.1666666666666665,11713.477272727272,1346.787878787879,2009.8666666666672,0.5666666666666667,12,392,75,165,152,2494.5281761353194,5.0,1
LzqtREBZ,0.2429324894514768,0.05851063829787234,0.5757575757575758,0.3108108108108108,8.569620253164556,3.9095744680851063,14.674242424242424,16.945945945945947,0.6352274449104621,22.571428571428573,52.666666666666664,2.6666666666666665,4631.2380952380945,692.6190476190476,2821.333333333333,4.333333333333333,7,158,30,88,40,178.3358864790777,2.0,1
M0ISVKg+,0.1718926553672316,0.05517241379310345,0.3191489361702128,0.1875,10.88135593220339,6.889655172413793,20.872340425531913,13.15625,0.5757121622363822,19.666666666666668,39.333333333333336,2.0,1406.1666666666665,370.26666666666665,2344.3333333333335,1.0,6,118,16,70,32,86.36187165000723,3.0,1
MchfXRuY,0.27758087968011635,0.125,0.3401015228426396,0.21875,16.053846153846155,9.475,17.17223650385604,43.114583333333336,0.6262351684419104,23.818181818181817,26.2,1.4,1430.490909090909,209.76363636363635,220.39999999999998,0.26666666666666666,11,262,42,72,148,1072.6380160380165,13.0,2
MhvASDVV,0.2773049645390071,0.0,0.32407407407407407,0.1111111111111111,9.170212765957446,0.0,10.046296296296296,8.444444444444445,0.6494978274034866,15.666666666666666,23.5,1.5,2587.0,450.33333333333337,1012.5,0.5,3,47,6,0,41,49.92691951896394,1.0,1
MqlBu0OO,0.20949512335054501,0.14285714285714285,0.19109947643979058,0.19597989949748743,17.133064516129032,5.285714285714286,19.159965034965033,16.227272727272727,0.587513029775045,11.581395348837209,23.714285714285715,2.142857142857143,757.9114064230341,114.72535991140637,420.8142857142857,1.5285714285714282,43,498,87,11,400,635.1660964483542,19.0,3
MzKsjyni,0.0986651411136537,0.05509641873278237,0.13186813186813187,0.07537688442211055,10.080091533180777,5.377410468319559,15.820054945054945,11.100502512562814,0.5454494933863001,18.208333333333332,25.705882352941178,1.5294117647058822,1540.3695652173917,145.65036231884054,332.72058823529403,0.7647058823529411,24,437,79,137,221,68.0967816429786,17.0,3
NGcpmWF6,0.11837518869219157,0.06764705882352941,0.33076923076923076,0.147239263803681,11.276657060518732,10.773529411764706,20.315384615384616,14.987730061349692,0.5524788235458502,18.263157894736842,31.545454545454547,1.7272727272727273,1592.3976608187138,155.31578947368422,176.47272727272724,0.41818181818181815,19,347,69,237,41,79.22959804101214,10.0,2
Naq0lFJM,0.13977272727272727,0.076,0.28,0.14285714285714285,10.096590909090908,5.108,10.696,46.324675324675326,0.5659103197734848,35.2,44.0,1.25,3650.3,1041.7,990.0,0.25,5,176,32,101,43,2131.562045454544,2.0,1
NiZg7Rnx,0.14788812785388128,0.05198776758409786,0.26506024096385544,0.17142857142857143,16.434931506849313,9.275229357798166,27.822289156626507,28.504761904761907,0.5717430639998823,17.176470588235293,20.857142857142858,1.2142857142857142,923.6838235294118,133.77941176470588,132.28571428571428,0.18131868131868126,17,292,46,151,95,239.53183401591133,14.0,3
Nsr+jY0A,0.3354639005062734,0.275,0.35590669676448455,0.3057142857142857,14.423487544483987,3.263157894736842,19.134779240898528,13.737804878048781,0.6641449836044143,11.568627450980392,25.652173913043477,2.260869565217391,440.81176470588224,50.81019607843138,263.05533596837944,1.1106719367588935,51,590,138,22,430,6319.449572129084,25.0,4
Num42/k8,0.27681388012618297,0.12790697674418605,0.3319672131147541,0.128,17.570063694267517,8.855421686746988,16.78893442622951,37.208,0.6193366171376634,15.095238095238095,26.416666666666668,1.9166666666666667,1270.7476190476189,170.69047619047618,516.4469696969696,1.537878787878788,21,317,56,81,180,6923.932775075798,16.0,3
Nw7u8qLC,0.07407407407407407,0.028169014084507043,0.375,0.0,5.694444444444445,4.661971830985915,11.4375,10.571428571428571,0.5367317754727458,12.0,12.0,1.0,2821.333333333333,363.0,363.0,0.0,3,36,4,27,5,15.93253968253968,2.0,1
NzOZUN9+,0.13532876741831965,0.0,0.14436183395291202,0.12864077669902912,10.363636363636363,0.0,11.307311028500619,14.383495145631068,0.564113699774554,30.708333333333332,49.13333333333333,1.8,5612.601449275363,520.6503623188407,1452.5523809523809,0.8857142857142856,24,737,258,0,479,123.6665019762844,15.0,3
O0t/9yEI,0.1310763888888889,0.0,0.16352201257861634,0.08571428571428572,9.197916666666666,0.0,9.213836477987421,14.895238095238096,0.5612601582589585,16.0,24.0,1.5,659.6,60.8,124.66666666666667,1.0000000000000002,6,96,40,0,56,93.76041666666676,3.0,1
OnGVlltJ,0.1471969696969697,0.11604938271604938,0.1864406779661017,0.2564102564102564,12.426605504587156,11.074441687344914,24.12280701754386,21.192307692307693,0.5658542660837182,12.941176470588236,24.444444444444443,1.8888888888888888,1341.1102941176468,220.68382352941177,772.5277777777776,1.1111111111111112,17,220,36,159,25,152.45772206485435,8.0,2
Ov04vIT6,0.1977333871401668,0.0,0.18658892128279883,0.23357664233576642,14.472154963680387,0.0,17.858114674441204,12.009732360097324,0.5929059731997793,20.65,27.533333333333335,1.3333333333333333,3584.7368421052624,258.34473684210525,725.2666666666667,0.23809523809523808,20,413,120,0,293,711.84206257787,17.0,3
P0lsX8gx,0.16209556157016752,0.06405693950177936,0.2421142369991475,0.09939148073022312,43.274956217162874,147.95017793594306,33.64705882352941,16.14604462474645,0.570107353588492,20.392857142857142,63.44444444444444,3.111111111111111,1731.5171957671962,174.83994708994706,1091.2777777777776,1.6111111111111116,28,571,148,111,312,333701.23128398915,8.0,2
PxBXX1Ur,0.1325370545569221,0.05314009661835749,0.2517241379310345,0.12195121951219512,19.079470198675498,8.342995169082126,55.61724137931034,23.1869918699187,0.554617782133647,100.66666666666667,302.0,3.0,41292.33333333333,6474.333333333333,0.0,0.0,3,302,52,156,94,21069.50861367187,0.0,1
Q1xr0hwl,0.18697806086341118,0.08597285067873303,0.12670157068062826,0.4722222222222222,10.051502145922747,4.606334841628959,16.404435058078143,5.781512605042017,0.5850984014834739,67.28571428571429,117.75,2.0,28470.66666666667,3830.2380952380954,6920.25,0.0,7,471,90,86,295,3995.382288061286,3.0,1
QKWGdtnI,0.06666666666666667,0.008620689655172414,0.23076923076923078,0.038461538461538464,9.1125,4.155172413793103,23.102564102564102,16.692307692307693,0.5259877588375415,26.666666666666668,26.666666666666668,1.0,240.33333333333334,97.33333333333334,97.33333333333334,0.0,3,80,13,52,15,86.65806962025313,2.0,1
QjAuoZbH,0.04676120448179272,0.029296875,0.1326530612244898,0.04697986577181208,8.941176470588236,6.1640625,23.816326530612244,15.718120805369127,0.5185349020530214,14.31578947368421,27.2,1.9,1701.27485380117,226.3391812865497,583.7333333333333,0.7666666666666667,19,272,61,175,36,320.0629476883003,10.0,2
QveoFRMf,0.21630901287553647,0.08680555555555555,0.291866028708134,0.4782608695652174,9.948497854077253,4.895833333333333,20.42105263157895,15.184782608695652,0.6050928873723125,12.263157894736842,21.181818181818183,1.8181818181818181,341.7777777777778,94.42690058479535,284.96363636363634,0.3636363636363636,19,233,41,131,61,79.75595678555571,10.0,2
QyOImv7f,0.06785714285714285,0.022530329289428077,0.08928571428571429,0.19130434782608696,11.237012987012987,9.024263431542462,18.026785714285715,22.243478260869566,0.5226525093823929,28.0,30.8,1.2,9280.290909090909,1732.0,2809.288888888889,0.17777777777777778,11,308,52,217,39,95.54950505520546,12.0,2
R5CUW5lh,0.047258932941752325,0.025,0.11904761904761904,0.05263157894736842,7.674008810572687,4.425,18.482142857142858,12.463157894736842,0.5240138068182427,25.22222222222222,56.75,2.25,3721.6944444444453,774.9444444444445,4950.916666666667,0.25000000000000006,9,227,44,138,45,57.38883474328486,3.0,1
RLW17b5E,0.1646269608071763,0.119452313503305,0.18204488778054864,0.2961165048543689,17.74926542605289,14.289423984891407,32.03491271820449,29.398058252427184,0.5764264347503378,46.40909090909091,102.1,2.3,10713.474025974025,1223.9675324675325,2637.211111111111,1.1222222222222222,22,1021,273,634,114,419.272364655951,10.0,2
RWDt7srk,0.1365996649916248,0.0735930735930736,0.2755102040816326,0.21739130434782608,225.52763819095478,73.46320346320347,44.02040816326531,1190.3152173913043,0.4735946971820749,7.107142857142857,16.583333333333332,2.5,180.18386243386243,27.43253968253969,99.90151515151516,1.3636363636363638,28,199,38,107,54,2049840.8363534848,12.0,2
Ro2GlXjY,0.12083333333333333,0.06006006006006006,0.18518518518518517,0.25225225225225223,9.575221238938052,9.024024024024024,16.54074074074074,13.684684684684685,0.5579258365392037,9.826086956521738,25.11111111111111,2.5555555555555554,321.96837944664037,45.78656126482213,275.3611111111111,1.5277777777777777,23,226,49,131,46,87.20542772861354,14.0,3
Rpoos4E+,0.19304461942257217,0.07446808510638298,0.23931623931623933,0.4153846153846154,13.181102362204724,4.578014184397163,28.262108262108264,10.061538461538461,0.5871070432448278,10.583333333333334,21.166666666666668,2.0,486.9492753623189,97.29710144927535,325.42424242424244,0.36363636363636365,24,254,31,126,97,2611.461143444026,11.0,2
Rt9eW8fY,0.10555555555555554,0.038461538461538464,0.24210526315789474,0.14545454545454545,9.069182389937106,6.196581196581197,21.63157894736842,11.763636363636364,0.5473452586387797,22.714285714285715,22.714285714285715,1.0,733.8095238095239,100.90476190476191,100.90476190476191,0.0,7,159,28,102,29,72.29265185892845,6.0,1
RtwN80vq,0.13585526315789473,0.062146892655367235,0.19117647058823528,0.25,553.046052631579,4.531073446327683,2451.2720588235293,10.088235294117647,0.18572902333853597,13.818181818181818,30.4,2.2,237.85454545454544,85.16363636363636,1103.3,2.7,11,152,30,79,43,45149991.276010804,4.0,1
S4KXjac1,0.1873873873873874,0.08787878787878788,0.3273542600896861,0.2857142857142857,6.38996138996139,4.042424242424242,12.026905829596412,9.920634920634921,0.5982215326733098,15.235294117647058,19.923076923076923,1.4615384615384615,1607.433823529412,322.8161764705883,639.576923076923,0.4358974358974359,17,259,50,148,61,33.41710813803838,14.0,3
SFLRXqqA,0.14920116194625999,0.0,0.1743119266055046,0.12195121951219512,11.065359477124183,0.0,13.360091743119266,10.308943089430894,0.5758351037573752,38.25,51.0,1.3333333333333333,1976.9166666666672,164.91666666666666,1669.0,0.3333333333333333,4,153,37,0,116,69.48254213966287,2.0,1
SHiiuCoJ,0.10757575757575757,0.0471976401179941,0.23270440251572327,0.19607843137254902,13.140495867768594,8.179941002949853,28.037735849056602,20.558823529411764,0.5540207305201084,13.444444444444445,22.0,1.6363636363636365,926.5882352941176,150.4967320261438,296.6,0.4545454545454545,18,242,46,141,55,197.47395493981688,13.0,2
SMx6urqq,0.12234848484848483,0.07834101382488479,0.3191489361702128,0.08333333333333333,5.9393939393939394,5.921658986175115,9.148936170212766,7.75,0.5547611199384812,8.8,16.5,1.875,159.31428571428572,34.60000000000001,99.71428571428571,0.6964285714285714,15,132,21,91,20,24.92759657645154,7.0,2
SRcxOAjD,0.27044444444444443,0.047619047619047616,0.25961538461538464,0.5277777777777778,13.853333333333333,7.444444444444445,21.16346153846154,13.083333333333334,0.6139093743600476,9.375,25.0,2.6666666666666665,482.55357142857144,63.69642857142857,247.0,2.333333333333333,8,75,12,22,41,701.7214414414415,2.0,1
SX0Kg5HC,0.05982339955849889,0.028225806451612902,0.13385826771653545,0.0,8.139072847682119,4.508064516129032,21.212598425196852,0.0,0.5275455159650063,15.1,16.77777777777778,1.3333333333333333,495.3888888888889,118.10000000000001,500.69444444444457,0.5000000000000001,10,151,0,114,37,95.97386313465785,16.0,3
SipixBjk,0.1036036036036036,0.0125,0.6153846153846154,0.25,9.837837837837839,8.0375,18.923076923076923,25.0,0.5470785236894931,18.5,18.5,1.0,2812.5,364.5,364.5,0.0,2,37,1,30,6,92.80630630630633,1.0,1
SnGc/akE,0.08052810222621544,0.0,0.13425925925925927,0.059782608695652176,16.968553459119498,0.0,18.26851851851852,19.252717391304348,0.5353872908455742,15.9,19.875,1.5,5353.599999999999,394.9888888888889,231.5535714285714,0.2857142857142857,10,159,100,0,59,49.866093463896185,14.0,3
T+TCAjO7,0.07385229540918163,0.04861111111111111,0.22916666666666666,0.06779661016949153,7.395209580838324,5.5625,12.0,18.0,0.5331144831760348,11.928571428571429,23.857142857142858,2.0,420.0274725274725,83.76373626373628,432.14285714285717,1.3333333333333333,14,167,27,121,19,104.81877209436554,11.0,2
T525Xmel,0.10689655172413794,0.07009345794392523,0.20833333333333334,0.07272727272727272,6.972413793103448,4.177570093457944,18.5,6.0181818181818185,0.5526745222348128,9.666666666666666,11.153846153846153,1.1538461538461537,251.49523809523814,28.523809523809522,31.641025641025646,0.141025641025641,15,145,27,84,34,173.90201149425286,15.0,3
T79+ghlW,0.18823529411764706,0.16666666666666666,0.17796610169491525,0.42857142857142855,15.24705882352941,8.0,16.88135593220339,33.285714285714285,0.5880037536213503,14.166666666666666,21.25,1.5,3107.0666666666666,405.3666666666667,511.5833333333333,1.0,6,85,5,2,78,93.83109243697477,3.0,1
TIieqRVE,0.1370473537604457,0.05305039787798409,0.16247139588100687,0.3390804597701149,12.18941504178273,6.519893899204244,18.105263157894736,20.936781609195403,0.5696958048541078,13.296296296296296,18.894736842105264,1.5789473684210527,729.8660968660969,66.9088319088319,182.8771929824561,0.5906432748538011,27,359,68,173,118,435.20983177977286,19.0,3
TIyvmUfN,0.19780439121756485,0.05803571428571429,0.5109489051094891,0.31666666666666665,6.802395209580839,4.334821428571429,13.248175182481752,11.366666666666667,0.6175304286703638,27.833333333333332,83.5,3.5,4939.766666666666,602.1666666666667,3612.5,12.5,6,167,24,104,39,83.97878940913357,1.0,1
TYFr3Q4/,0.1052158273381295,0.03823529411764706,0.14705882352941177,0.21875,9.931558935361217,5.258169934640523,17.790441176470587,14.216,0.5496028118155613,16.352941176470587,21.384615384615383,1.6153846153846154,991.3897058823529,137.49264705882354,144.4230769230769,0.5897435897435895,17,278,53,150,75,226.68995443067362,20.0,3
Tv2O8kHA,0.12523809523809523,0.08013937282229965,0.1864406779661017,0.11650485436893204,10.081632653061224,5.982578397212544,20.85593220338983,11.864077669902912,0.5575962983362371,35.0,81.66666666666667,2.3333333333333335,4440.619047619049,655.3333333333334,1108.3333333333333,0.33333333333333337,7,245,44,131,70,103.99330879892939,2.0,1
UMkdjtWL,0.20639340481955493,0.16538461538461538,0.2084592145015106,0.20809248554913296,34.8373786407767,10.78076923076923,17.733333333333334,259.84971098265896,0.5752477692046045,14.75,34.416666666666664,2.5833333333333335,2495.1362433862437,265.824074074074,567.7196969696969,1.356060606060606,28,413,71,114,228,168770.73991330658,12.0,2
V9kFlUzc,0.08888888888888889,0.1,0.06626506024096386,0.06666666666666667,5.9375,3.175,6.066265060240964,12.0,0.5332428985622952,32.0,96.0,3.0,3621.333333333333,507.0,0.0,0.0,3,96,17,21,58,79.25921052631581,0.0,1
VNe/BIOL,0.08913443830570902,0.07926829268292683,0.24285714285714285,0.07777777777777778,9.502762430939226,9.158536585365853,17.228571428571428,16.766666666666666,0.5460940871452379,11.3125,12.066666666666666,1.0666666666666667,235.7333333333334,21.295833333333334,24.06666666666667,0.06666666666666667,16,181,32,119,30,71.88471454880296,17.0,3
VVIJYzCT,0.08044619422572179,0.0,0.08852459016393442,0.1,9.385826771653543,0.0,10.298360655737705,13.677777777777777,0.5407194292670898,8.466666666666667,9.071428571428571,1.0714285714285714,497.2380952380953,36.266666666666666,42.37912087912087,0.07142857142857142,15,127,31,0,96,40.98487689038872,14.0,3
VX0YUFmy,0.17958015267175573,0.10526315789473684,0.19851116625310175,0.21487603305785125,8.98473282442748,5.282894736842105,12.196029776674939,10.661157024793388,0.585693890965635,23.818181818181817,29.11111111111111,1.2222222222222223,1125.4727272727273,191.16363636363639,211.36111111111111,0.4444444444444444,11,262,53,68,141,32.95762042642799,19.0,3
VrKFU4ZE,0.08929539295392953,0.06048387096774194,0.11231884057971014,0.10638297872340426,9.43089430894309,4.362903225806452,19.8731884057971,8.22340425531915,0.5401028911823673,20.5,27.333333333333332,1.4444444444444444,1227.7272727272727,231.90909090909088,437.75,0.2777777777777778,12,246,43,121,82,150.70336817653885,15.0,3
W31+Znug,0.19115646258503402,0.0,0.24,0.07272727272727272,16.408163265306122,0.0,17.24,18.454545454545453,0.5768355881582713,16.333333333333332,24.5,1.5,1385.3333333333335,160.33333333333334,24.5,0.5,3,49,21,0,28,67.78826530612248,1.0,1
W5aXyP1G,0.12317351598173516,0.07279693486590039,0.34146341463414637,0.2653061224489796,7.776223776223776,7.205426356589148,15.621621621621621,11.83673469387755,0.5616838684969624,18.25,29.2,1.6,1613.5535714285713,393.92857142857144,496.69999999999993,0.30000000000000004,8,146,22,108,16,29.358022259430733,4.0,1
WFY+K2jJ,0.09493333333333334,0.0,0.056105610561056105,0.1276595744680851,9.52,0.0,11.442244224422442,8.191489361702128,0.52803440099794,15.625,20.833333333333332,1.3333333333333333,908.5,112.83928571428568,466.1666666666667,0.26666666666666666,8,125,22,0,103,55.9774193548387,9.0,2
WLRnyVMv,0.13465087519025876,0.0,0.15345005149330587,0.12403763900769889,11.904109589041095,3.0,14.337796086508753,13.803250641573994,0.5624472875271866,29.2,73.0,2.5,4937.292105263158,370.6947368421052,1338.8571428571427,1.1428571428571428,20,584,312,1,271,77.21205855400747,7.0,2
WMscbT5Q,0.07565311736463512,0.05318138651471985,0.1415525114155251,0.10048622366288493,35.76426264800861,16.87037037037037,215.2579908675799,16.59157212317666,0.5179152313942489,34.407407407407405,132.71428571428572,4.0,11753.532763532763,1133.6353276353275,11810.904761904763,2.6666666666666674,27,929,196,613,120,235734.83984215528,6.0,1
WfjtrxmT,0.18376703841387856,0.10025062656641603,0.33146067415730335,0.21212121212121213,8.296803652968036,8.79016393442623,11.329113924050633,9.626373626373626,0.5845280213712577,16.8125,22.416666666666668,1.3333333333333333,1048.3333333333333,177.0958333333333,278.26515151515156,0.24242424242424246,16,269,48,156,65,33.86104478237192,15.0,3
XLvNIgE/,0.3632791327913279,0.0,0.1459227467811159,0.7699115044247787,10.829268292682928,0.0,14.914163090128755,8.141592920353983,0.6692892944548596,13.666666666666666,20.5,1.5,577.0277777777779,82.50000000000001,71.50000000000001,0.3,9,123,43,0,80,70.06077568972412,4.0,1
XPdTJ5+5,0.1318777292576419,0.04678362573099415,0.17543859649122806,0.24786324786324787,17.8646288209607,5.204678362573099,30.44736842105263,24.41025641025641,0.5671356785613086,14.3125,57.25,4.0,2534.383333333333,351.8291666666667,2131.5833333333335,1.9999999999999998,16,229,46,88,95,652.363173216885,3.0,1
Xn3hEjLy,0.176322188449848,0.1523809523809524,0.17662337662337663,0.18357487922705315,7.65625,4.2,9.919786096256685,9.490196078431373,0.5835662311251579,11.75,18.076923076923077,1.5384615384615385,956.134210526316,181.46052631578948,388.41025641025635,0.6025641025641025,20,235,64,46,125,30.14588004484305,14.0,3
YAv9RKUQ,0.20168463611859838,0.03363914373088685,0.3684210526315789,0.25949367088607594,8.90566037735849,4.422018348623853,15.38345864661654,11.962025316455696,0.6078602495586325,22.714285714285715,45.42857142857143,2.0,4185.824175824176,481.4505494505495,1671.2857142857144,0.3333333333333333,14,318,60,146,112,49.101482054639625,7.0,2
YUJ6Nmnb,0.2015151515151515,0.12087912087912088,0.2302158273381295,0.225,12.37190082644628,12.098901098901099,15.870503597122303,13.2375,0.5922154960681942,11.0,13.444444444444445,1.2222222222222223,352.9636363636363,44.0,108.02777777777777,0.19444444444444442,11,121,36,34,51,156.8855371900827,8.0,2
YWkzHekd,0.12170301142263758,0.03592814371257485,0.15973377703826955,0.046875,10.598360655737705,6.0,11.241935483870968,11.431034482758621,0.5554809850474705,40.125,53.5,1.3333333333333333,5471.999999999999,1070.4107142857142,3743.1,0.2666666666666667,8,321,51,72,198,81.3001625795962,12.0,2
YjS/mQOx,0.15531190476190476,0.0,0.17022900763358778,0.11663066954643629,13.356,0.0,16.027480916030534,12.47084233261339,0.5714998837632854,31.25,31.25,1.0,6753.095833333335,548.3333333333334,548.3333333333334,0.0,16,500,135,0,365,100.72270941883775,20.0,3
Yn+7VBPX,0.17067395264116575,0.09205020920502092,0.22900763358778625,0.3425925925925926,9.601092896174864,7.2677824267782425,18.625954198473284,11.342592592592593,0.5881439853919309,14.076923076923077,18.3,1.3,923.3589743589741,118.57692307692308,249.1222222222222,0.23333333333333328,13,183,46,90,47,260.5268119858284,13.0,2
ZDeo0Y8O,0.17044025157232703,0.14838709677419354,0.16666666666666666,0.21621621621621623,6.160377358490566,5.377419354838709,9.912280701754385,8.513513513513514,0.5783097927936977,16.307692307692307,42.4,2.6,1142.2307692307693,189.5641025641025,1238.8,1.8,13,212,37,132,43,26.23956004649914,14.0,3
ZLCRWfEv,0.21616379310344827,0.06666666666666667,0.24930747922437674,0.27450980392156865,50.991379310344826,4.473333333333334,135.76731301939057,16.862745098039216,0.5676591004499214,38.666666666666664,77.33333333333333,2.0,5310.166666666666,701.8666666666668,8530.333333333334,3.0,6,232,42,65,125,209199.65360501574,2.0,1
ZU+Pcbjs,0.19316907332118324,0.10352841749418973,0.24188204108681247,0.49127704117236565,10.741121495327103,7.68466819221968,18.274163568773233,14.276465441819772,0.5963126387296823,88.6086956521739,291.14285714285717,3.2857142857142856,62608.03952569168,4428.430830039527,25527.809523809527,1.5714285714285712,23,2038,421,1250,367,71.16116992909787,6.0,1
ZbggBaRV,0.2478021978021978,0.0,0.15763546798029557,0.45454545454545453,16.835164835164836,0.0,18.236453201970445,20.40909090909091,0.597102284114129,8.272727272727273,11.375,1.375,316.6727272727273,32.018181818181816,57.41071428571429,0.2678571428571429,11,91,23,0,68,267.82808302808286,18.0,3
ZlhdkhgG,0.24635416666666668,0.16019417475728157,0.43010752688172044,0.30434782608695654,36.951388888888886,10.058252427184467,99.53763440860214,13.021739130434783,0.6109365488932532,16.0,72.0,4.5,1191.5,257.5,2048.0,0.5,9,144,24,85,35,98840.5220959596,1.0,1
a3LGhMnp,0.167601246105919,0.07586206896551724,0.21311475409836064,0.15294117647058825,9.099056603773585,5.158620689655172,13.055921052631579,9.875,0.5786157811636797,16.46153846153846,30.571428571428573,1.8571428571428572,598.6410256410255,83.76923076923079,508.2857142857143,1.476190476190476,13,214,41,66,107,76.24132612000358,7.0,2
a3jLlbgc,0.17424300376107607,0.07516339869281045,0.20345640219952868,0.2119047619047619,7.070844686648502,5.175084175084175,8.113222486144101,12.820143884892087,0.5818692166603516,33.95454545454545,57.46153846153846,1.6923076923076923,5279.612554112553,519.3787878787878,883.6025641025641,0.7307692307692308,22,747,155,202,390,516.8053425324614,15.0,3
aDuZLeh2,0.17217261904761907,0.06302521008403361,0.25263157894736843,0.3146067415730337,10.71875,4.8277310924369745,16.56140350877193,17.50561797752809,0.5886363775350107,9.73913043478261,20.363636363636363,2.1818181818181817,945.8853754940712,184.11067193675885,800.2545454545455,2.163636363636364,23,224,36,111,77,191.96090246636774,10.0,2
aTj611bg,0.12467948717948717,0.06967213114754098,0.5,0.12121212121212122,8.285714285714286,6.940789473684211,10.262295081967213,11.91304347826087,0.5635782390537405,43.333333333333336,86.66666666666667,2.0,4981.366666666667,869.8666666666666,1682.3333333333335,1.0,6,260,45,181,34,38.70676691729324,2.0,1
ai3MNZhR,0.17277563277563276,0.0,0.15289256198347106,0.22988505747126436,17.005405405405405,0.0,20.237603305785125,14.89655172413793,0.5738001499954778,9.736842105263158,23.125,2.375,733.9415204678364,72.2046783625731,731.8392857142857,1.9821428571428574,19,185,37,0,148,118.07062279670976,10.0,2
apmEnfqy,0.16293103448275864,0.07960199004975124,0.3375796178343949,0.171875,11.293103448275861,4.134328358208955,20.388535031847134,41.75,0.5878253178637837,24.857142857142858,43.5,1.75,5836.238095238095,971.4761904761903,2261.6666666666665,2.25,7,174,30,96,48,923.1101255730518,3.0,1
atjDzCXT,0.19100250626566415,0.02857142857142857,0.25393700787401574,0.22727272727272727,15.529824561403508,5.617142857142857,26.116141732283463,10.39090909090909,0.5917461972871568,9.5,15.0,1.5789473684210527,300.80574712643687,40.051724137931025,205.3333333333333,0.5906432748538012,30,285,52,83,150,1139.5598468000992,19.0,3
bDAnDoT2,0.05555555555555555,0.022988505747126436,0.09859154929577464,0.0851063829787234,6.270833333333333,3.103448275862069,12.253521126760564,9.680851063829786,0.5270014148532036,16.0,20.571428571428573,1.2857142857142858,871.0,211.25,297.2857142857143,0.2380952380952381,9,144,21,82,41,28.380681818181838,8.0,2
bF9UHiZq,0.19821995464852607,0.16666666666666666,0.15250544662309368,0.29759036144578316,10.458503401360543,8.311827956989248,12.686274509803921,12.027710843373494,0.596653981048089,33.40909090909091,43.23529411764706,1.411764705882353,5789.517316017316,449.0151515151515,655.6911764705883,0.5073529411764706,22,735,250,71,414,40.62736287975684,18.0,3
bI9cUAcT,0.1884536610343062,0.0,0.14594594594594595,0.3389830508474576,13.688172043010752,0.0,14.578378378378378,13.508474576271187,0.5900365458228861,11.625,18.6,1.6,1259.4285714285713,193.12500000000003,492.8,0.3,8,93,25,0,68,101.04301075268818,5.0,1
bu7FYaPz,0.0912280701754386,0.058823529411764705,0.16161616161616163,0.06666666666666667,14.649122807017545,8.176470588235293,27.0,25.7,0.5415228118020682,6.333333333333333,19.0,3.0,135.2712418300654,29.64705882352941,379.2,2.8,18,114,14,69,31,253.15013196708583,6.0,1
c/dJBxzM,0.13279132791327913,0.08522727272727272,0.20987654320987653,0.11764705882352941,6.5,3.5384615384615383,8.789473684210526,5.0,0.5589815710704223,24.6,41.0,1.6666666666666667,1618.7,349.3,1396.0,1.3333333333333335,5,123,18,73,32,14.533333333333331,2.0,1
cisW7kmR,0.14947589098532493,0.07079646017699115,0.22959183673469388,0.08,7.9748427672955975,5.6902654867256635,10.811224489795919,8.32,0.5755080486568557,31.8,79.5,2.5,3308.2000000000003,581.7,3444.5,0.5,5,159,27,55,77,52.78417323461507,1.0,1
cm5o5xyK,0.16595528455284553,0.01282051282051282,0.15544041450777202,0.6,14.298780487804878,3.9935897435897436,28.751295336787564,11.9,0.5757519098103772,13.666666666666666,41.0,3.0,660.2651515151515,99.69696969696969,678.0,2.0,12,164,27,79,58,2104.3457653748296,3.0,1
csVuLRzx,0.1330498866213152,0.05263157894736842,0.13802816901408452,0.3333333333333333,28.877551020408163,3.5913312693498454,14.095774647887325,54.58695652173913,0.5612719699545164,32.666666666666664,147.0,4.5,5826.25,897.9999999999999,200.0,0.5,9,294,54,144,96,128464.14877759975,1.0,1
dCOYdqWk,0.17403628117913833,0.09388646288209607,0.2698412698412698,0.2222222222222222,12.886621315192743,6.87117903930131,25.03174603174603,21.853535353535353,0.5842152674476393,15.75,29.4,1.9333333333333333,929.920634920635,209.08333333333334,499.2571428571428,0.9238095238095239,28,441,91,230,120,158.50529787672644,20.0,3
dMvUyofl,0.17596153846153847,0.0,0.17647058823529413,0.05555555555555555,10.673076923076923,0.0,10.857142857142858,12.833333333333334,0.575420555919291,10.4,26.0,2.5,1598.8,277.3,1152.0,4.5,5,52,8,0,44,32.655731523378584,2.0,1
dpq14OVC,0.06021825396825397,0.028169014084507043,0.10884353741496598,0.045454545454545456,8.952380952380953,5.629107981220657,18.768707482993197,10.333333333333334,0.5245698029074919,15.272727272727273,21.0,1.375,1034.6181818181817,193.01818181818183,221.71428571428572,0.26785714285714285,11,168,28,98,42,57.97376675220989,7.0,2
ea9kApM1,0.23107993197278912,0.10878112712975098,0.36645962732919257,0.5441176470588235,13.16326530612245,10.277850589777195,24.782608695652176,22.42156862745098,0.6057720162801749,30.153846153846153,43.55555555555556,1.4444444444444444,8391.858974358975,1012.6410256410257,1696.2777777777778,0.2777777777777778,13,392,79,259,54,195.50780312124854,24.0,4
etTPg7yf,0.18611111111111112,0.0,0.19672131147540983,0.1941747572815534,10.617283950617283,0.0,13.147540983606557,11.660194174757281,0.5923148415596257,27.0,81.0,3.0,6316.0,991.0,0.0,0.0,3,81,36,0,45,53.43919753086421,0.0,1
evHVsL24,0.16932952223793807,0.03943661971830986,0.30691056910569103,0.2315112540192926,199.65594059405942,5.83943661971831,610.8719512195122,42.665594855305464,0.48279402171675234,26.933333333333334,40.4,1.5,5366.171428571428,765.0666666666667,2451.6000000000004,0.2777777777777778,15,404,96,170,138,12514639.213835591,13.0,2
ey+YpSbw,0.12805697278911565,0.04424778761061947,0.2009685230024213,0.17037037037037037,13.028571428571428,4.234513274336283,23.92493946731235,13.792592592592593,0.5677452407138556,23.333333333333332,35.0,1.75,1177.9090909090908,239.33333333333331,1192.0,0.5,12,280,54,109,117,145.20348182283672,7.0,2
f7FnpwJu,0.105,0.07048458149779736,0.2571428571428571,0.1282051282051282,10.523076923076923,8.916299559471366,19.37142857142857,20.076923076923077,0.544760335587189,26.0,26.0,1.0,2120.2,639.5,639.5,0.0,5,130,19,96,15,53.941323792486614,4.0,1
f9mwMog7,0.29854419085188316,0.0,0.2736,0.3797250859106529,63.97041420118343,0.0,195.1456,16.438144329896907,0.6146327977894859,17.789473684210527,22.533333333333335,1.4,2663.8187134502923,202.61988304093563,216.1238095238095,0.2571428571428572,19,338,158,0,180,652560.6816146647,22.0,4
fAoTPYPL,0.10839895013123359,0.03260869565217391,0.1724137931034483,0.022727272727272728,357.0,13.206521739130435,520.5402298850574,15.840909090909092,0.42410424726444385,9.76923076923077,21.166666666666668,2.1666666666666665,568.1410256410255,85.6923076923077,283.7666666666666,0.9666666666666666,13,127,19,42,66,14708819.619047621,10.0,2
fH3d4eSF,0.3005263157894737,0.05,0.42142857142857143,0.1875,13.610526315789473,7.5,17.364285714285714,20.479166666666668,0.636317668983869,5.0,7.916666666666667,1.5833333333333333,84.16374269005848,13.444444444444445,17.174242424242422,0.6287878787878788,19,95,23,23,49,318.1552071668535,14.0,3
fQQLrcfq,0.2213235294117647,0.0,0.1885245901639344,0.4444444444444444,12.568627450980392,0.0,15.307377049180328,7.2592592592592595,0.6006546947510046,17.0,34.0,2.0,1744.5666666666668,253.6,421.0,0.0,6,102,18,0,84,41.752669384585516,3.0,1
fr6UvdHU,0.12427476737821566,0.0,0.13312963771278918,0.10526315789473684,10.918203688853248,0.0,14.317765168048886,11.387327542156362,0.5544634385835673,59.38095238095238,249.4,5.0,40589.31428571428,3073.74761904762,5565.3,1.5000000000000002,21,1247,587,0,660,574.7734003019767,4.0,1
fxc6ud70,0.2135561745589601,0.056179775280898875,0.2660098522167488,0.10948905109489052,10.23030303030303,9.666666666666666,12.069164265129682,10.081632653061224,0.5961173155600816,22.4375,35.9,1.6,2837.6666666666665,522.6625,2129.4333333333334,1.1555555555555557,16,359,62,76,221,41.01980783444198,20.0,3
g2Da4v+O,0.18500916967052428,0.10810810810810811,0.20785219399538107,0.22535211267605634,12.896414342629482,6.5675675675675675,17.56581986143187,19.901408450704224,0.5885238284518821,35.857142857142854,125.5,3.5,5913.904761904761,735.4761904761905,3120.5,12.5,7,251,50,64,137,278.94922709163336,1.0,1
g6gKfqJo,0.16091954022988506,0.0,0.18807339449541285,0.13970588235294118,10.120689655172415,0.0,13.229357798165138,9.514705882352942,0.5795739718300916,16.571428571428573,29.0,1.75,526.6190476190476,45.61904761904761,184.66666666666666,0.25,7,116,48,0,68,34.31574212893553,4.0,1
gARGe3RS,0.2007007485268355,0.0,0.2184115523465704,0.19914346895074947,17.618729096989966,0.0,17.43321299638989,22.573875802997858,0.5961295695522368,18.6875,23.0,1.3076923076923077,1666.9625000000003,147.5625,438.1666666666667,0.3974358974358974,16,299,135,0,164,219.46488294314395,14.0,3
gJOjv6wm,0.1067452503373081,0.06060606060606061,0.15517241379310345,0.13286713286713286,10.144404332129964,3.3333333333333335,22.025862068965516,15.524475524475525,0.5516935756223971,14.578947368421053,19.785714285714285,1.3571428571428572,1248.5964912280701,127.59064327485379,151.10439560439562,0.24725274725274723,19,277,55,134,88,196.62399937215505,22.0,4
gP/uGODm,0.15343915343915343,0.09523809523809523,0.29651162790697677,0.07575757575757576,9.777777777777779,4.580952380952381,20.209302325581394,16.53030303030303,0.5794133329921166,11.8125,14.538461538461538,1.3076923076923077,506.93333333333334,88.56249999999997,169.26923076923075,0.3974358974358974,16,189,32,106,51,88.32269503546102,20.0,3
gcprpSHe,0.13526272577996715,0.0,0.12475633528265107,0.176,12.152709359605911,0.0,12.155945419103315,17.776,0.5615888327661899,14.5,16.916666666666668,1.25,933.0329670329667,96.57692307692307,275.9015151515151,0.20454545454545456,14,203,47,0,156,49.80329707847631,15.0,3
ggctWyJ+,0.2099932249322493,0.13297872340425532,0.36335403726708076,0.3121951219512195,31.08739837398374,14.525265957446809,34.83540372670807,163.7560975609756,0.5907644146676306,18.22222222222222,44.72727272727273,2.6363636363636362,1817.5498575498573,335.948717948718,2123.818181818182,2.6545454545454548,27,492,84,302,106,63669.62371052937,16.0,3
gsruP5+x,0.09772376543209876,0.06239168110918544,0.13253012048192772,0.08370044052863436,8.75,6.27209705372617,11.504016064257028,15.594713656387665,0.5421293656419447,43.2,48.0,1.3333333333333333,10133.733333333334,1179.0666666666666,1420.25,0.24999999999999997,10,432,81,200,151,129.54292343387468,8.0,2
hQWympTg,0.18082884097035043,0.13513513513513514,0.19900497512437812,0.07246376811594203,7.3254716981132075,3.824324324324324,9.062189054726367,12.101449275362318,0.583327914536434,13.25,19.272727272727273,1.5454545454545454,670.8624999999997,93.40000000000002,287.8181818181818,0.4727272727272728,16,212,31,36,145,104.7608647053563,12.0,2
iW7Quecc,0.16970638057594578,0.06111111111111111,0.24166666666666667,0.12037037037037036,8.853754940711463,5.855555555555555,12.230555555555556,9.444444444444445,0.5812681424681904,18.071428571428573,42.166666666666664,2.5,680.0659340659341,114.84065934065936,1237.3666666666666,3.5,14,253,46,83,124,171.17297195558055,5.0,1
iYbwSlc1,0.10562248995983936,0.04150943396226415,0.19014084507042253,0.1506849315068493,13.57429718875502,5.950943396226415,28.038732394366196,20.013698630136986,0.5533429645611159,13.105263157894736,20.75,1.5833333333333333,670.7602339181288,146.43274853801168,1162.7500000000002,1.356060606060606,19,249,33,133,83,205.09223992745171,19.0,3
j+Ec7rsC,0.09917491749174917,0.06451612903225806,0.1322314049586777,0.15789473684210525,10.511111111111111,3.8,8.805555555555555,17.245283018867923,0.5564940249267132,16.833333333333332,25.25,1.5,2306.9666666666667,292.16666666666663,787.5833333333334,1.0,6,101,30,30,41,92.48282828282831,3.0,1
jG5Yozf+,0.12828554360812425,0.024193548387096774,0.19622641509433963,0.23333333333333334,10.774193548387096,4.717741935483871,16.411320754716982,14.133333333333333,0.5736545082497206,18.6,37.2,2.0,1069.211111111111,258.0444444444444,2373.2,1.5,10,186,35,64,87,87.87306015693112,4.0,1
jQJkh03X,0.48034188034188036,0.0,0.2857142857142857,0.7972972972972973,10.961538461538462,0.0,17.785714285714285,5.418918918918919,0.7389859095063376,9.75,15.6,1.8,268.5,29.928571428571427,76.3,0.7,8,78,34,0,44,109.62187812187813,4.0,1
jXaC97PB,0.11144997324772606,0.033126293995859216,0.1745152354570637,0.22151898734177214,9.710674157303371,4.987577639751553,20.085872576177284,13.39240506329114,0.5517362438034392,10.787878787878787,19.77777777777778,1.8888888888888888,639.9261363636363,99.73484848484847,269.124183006536,1.1633986928104574,33,356,63,188,105,76.62873081183736,20.0,3
jph7mhva,0.15027619047619045,0.061371841155234655,0.2875,0.1743119266055046,8.316,5.35740072202166,14.175,13.587155963302752,0.5794088797089183,31.25,35.714285714285715,1.4285714285714286,2173.0714285714284,481.9285714285714,469.9047619047619,0.28571428571428575,8,250,46,133,71,83.24512449799192,7.0,2
kCI8o5k3,0.19344322344322346,0.08531746031746032,0.2857142857142857,0.5433070866141733,14.353846153846154,12.442460317460318,34.07692307692308,26.89763779527559,0.5878064465509805,65.0,130.0,2.0,39955.666666666664,3548.6666666666665,1058.0,2.0,4,260,49,182,29,572.3607959607959,1.0,1
kHE9cuxV,0.14637096774193548,0.06962025316455696,0.25882352941176473,0.1875,8.876651982378855,6.0661764705882355,14.090909090909092,11.085106382978724,0.5750308047215752,11.272727272727273,17.714285714285715,1.5714285714285714,854.7987012987015,100.30303030303028,356.37362637362634,0.5714285714285713,22,248,41,128,79,85.76347900666644,18.0,3
kbPZlHP2,0.09316239316239316,0.034782608695652174,0.15789473684210525,0.102803738317757,9.705128205128204,3.382608695652174,16.96842105263158,15.205607476635514,0.5463456091499339,21.272727272727273,39.0,1.8333333333333333,948.0727272727274,130.8181818181818,1002.3999999999999,1.3666666666666667,11,234,44,107,83,68.19164740838559,5.0,1
kdPKyczl,0.13229166666666667,0.06511627906976744,0.21843003412969283,0.168141592920354,14.487068965517242,3.730232558139535,24.4641638225256,26.41592920353982,0.5703695351292306,25.77777777777778,38.666666666666664,1.5,3407.7499999999995,666.9444444444446,963.4666666666668,0.7,9,232,44,106,82,2868.1210441856983,13.0,2
kqO9XM8T,0.16648250460405156,0.08571428571428572,0.18907563025210083,0.2,8.740331491712707,5.4071428571428575,11.915966386554622,16.24,0.5748163427160233,25.857142857142858,30.166666666666668,1.1666666666666667,2867.9047619047615,418.47619047619054,363.76666666666665,0.16666666666666669,7,181,35,63,83,285.70441988950296,10.0,2
kqirARhx,0.21607142857142858,0.15546218487394958,0.3898305084745763,0.3783783783783784,12.612244897959183,8.333333333333334,16.405405405405407,16.37037037037037,0.6053044340129978,17.5,46.666666666666664,2.6666666666666665,3076.785714285714,758.2857142857143,4186.333333333334,8.333333333333332,8,140,18,98,24,89.82568027210881,2.0,1
lW835ykm,0.09204834605597964,0.028037383177570093,0.18596491228070175,0.09473684210526316,15.488549618320612,9.423676012461058,28.957894736842107,18.294736842105262,0.5425054836312372,10.916666666666666,29.11111111111111,2.7777777777777777,479.04166666666663,69.64492753623188,94.61111111111111,0.9444444444444444,24,262,42,138,82,279.0324354362257,8.0,2
lXD5GX9E,0.13414634146341464,0.07792207792207792,0.15258855585831063,0.09615384615384616,13.24390243902439,6.2272727272727275,15.53133514986376,10.375,0.5569746908505591,17.571428571428573,41.0,2.5,976.401098901099,164.41758241758242,407.6,0.7,14,246,46,67,133,3564.8545545047286,5.0,1
mGPSZVXI,0.08732741617357001,0.03560830860534125,0.14163090128755365,0.13513513513513514,11.041420118343195,4.210682492581602,19.534334763948497,15.954954954954955,0.5449815810859818,17.789473684210527,22.533333333333335,1.2666666666666666,1294.4327485380115,200.28654970760232,371.98095238095226,0.3523809523809523,19,338,50,151,137,176.57988165680482,18.0,3
mHWxVwSA,0.15220588235294116,0.10869565217391304,0.16470588235294117,0.18181818181818182,11.926470588235293,8.101449275362318,13.470588235294118,20.506493506493506,0.5683498167400671,17.0,45.333333333333336,2.6666666666666665,1686.1250000000002,174.28571428571428,730.3333333333333,2.3333333333333335,8,136,29,44,63,113.40196078431369,2.0,1
mR59owPP,0.25829694323144103,0.11267605633802817,0.29914529914529914,0.21176470588235294,80.86026200873363,11.725352112676056,17.806267806267805,378.0,0.589882600773102,12.722222222222221,20.818181818181817,1.6363636363636365,1164.339869281046,227.85947712418297,856.7636363636364,1.0545454545454545,18,229,41,59,129,1063021.0242472999,12.0,2
mWnmMZvf,0.5478260869565217,0.0,0.6730769230769231,0.5824175824175825,15.971014492753623,0.0,21.35576923076923,11.857142857142858,0.807968864862237,7.666666666666667,11.5,1.5,221.0,29.0,64.3,0.3,9,69,31,0,38,196.0285592497869,12.0,2
mXCCfJeN,0.12688172043010754,0.0,0.16161616161616163,0.0,8.258064516129032,0.0,9.01010101010101,0.0,0.576859823551079,10.333333333333334,15.5,1.5,73.0,6.333333333333334,60.5,0.5,3,31,0,0,31,22.33118279569892,1.0,1
mXMC12GZ,0.08253968253968254,0.06578947368421052,0.2,0.05555555555555555,55.76190476190476,82.16447368421052,25.66,13.36111111111111,0.5119032576385063,11.2,33.6,3.2,644.9714285714286,79.17142857142858,734.8,5.2,15,168,29,119,20,292797.83518676925,4.0,1
md4/6AZB,0.10921543388320797,0.055762081784386616,0.16428571428571428,0.10215053763440861,10.99501246882793,3.335616438356164,17.644110275689222,11.115384615384615,0.5547754965407552,22.296296296296298,35.411764705882355,1.588235294117647,1837.6923076923076,264.9088319088319,1900.7573529411764,1.1323529411764703,27,602,129,236,237,259.5649750623441,20.0,3
mngM+9hz,0.13158212560386473,0.09782608695652174,0.1504424778761062,0.21818181818181817,9.147540983606557,9.795180722891565,11.4,12.576923076923077,0.5583503090861485,61.333333333333336,46.0,1.0,26929.0,4226.333333333333,3734.6666666666665,0.0,3,184,29,112,43,43.96120218579236,23.0,4
myZDx2gL,0.12421383647798742,0.051457975986277875,0.2743589743589744,0.11688311688311688,8.379454926624739,4.493996569468267,19.523076923076925,12.655844155844155,0.5640296073566841,21.681818181818183,43.36363636363637,2.0,2100.8506493506497,523.7510822510822,1374.6545454545453,0.4,22,477,80,278,119,79.22756020647252,12.0,2
n+PgzdX5,0.13975645813881107,0.028846153846153848,0.30434782608695654,0.21195652173913043,7.660130718954249,3.6121794871794872,13.179347826086957,12.13586956521739,0.58842864555317,19.125,38.25,2.125,2202.0,236.5166666666666,1775.642857142857,1.5535714285714286,16,306,63,144,99,39.74640522875815,7.0,2
n+dHHrNY,0.04583333333333333,0.013392857142857142,0.10982658959537572,0.017241379310344827,57.88414634146341,5.459821428571429,205.878612716763,6.879310344827586,0.48941042219643327,41.0,82.0,2.0,4174.25,625.3333333333334,3200.0,2.0,4,164,26,84,54,420107.5386428253,1.0,1
n2upCBt8,0.09394785847299814,0.046218487394957986,0.14788732394366197,0.06349206349206349,8.12290502793296,6.088235294117647,14.352112676056338,11.777777777777779,0.5364488434591751,25.571428571428573,25.571428571428573,1.0,3981.571428571429,678.2857142857143,678.2857142857143,0.0,7,179,29,103,47,36.72638252463751,11.0,2
n2z20qE5,0.1640491452991453,0.0,0.17417417417417416,0.11333333333333333,18.628205128205128,0.0,27.345345345345347,10.58,0.5679384898892782,17.333333333333332,39.0,2.5,2764.5,292.75,691.3333333333334,1.0,9,156,52,0,104,5148.09313482217,4.0,1
nSwIpPKo,0.18704906204906202,0.0,0.15375722543352602,0.30584192439862545,7.570247933884297,0.0,8.853179190751446,9.213058419243985,0.5921015697528259,90.75,90.75,1.0,68007.33333333333,7558.25,7558.25,0.0,4,363,102,0,261,26.17944386101091,3.0,1
nl3zUIfm,0.15180752929444027,0.0,0.18181818181818182,0.11764705882352941,8.471204188481675,0.0,9.477272727272727,10.898039215686275,0.5739441707068965,9.55,13.642857142857142,1.4285714285714286,477.1026315789474,39.31315789473685,49.01648351648352,0.26373626373626374,20,191,75,0,116,64.52416643703502,16.0,3
noLn6+ZC,0.17647342995169082,0.07627118644067797,0.3424124513618677,0.2077922077922078,11.162162162162161,6.161369193154035,11.74793388429752,17.296875,0.5781553648764178,31.363636363636363,49.285714285714285,2.0,8775.4,1100.6545454545453,3979.238095238095,1.9999999999999998,11,345,61,202,82,3268.593756547244,5.0,1
nsc5gmmf,0.19657707078342,0.08108108108108109,0.34024896265560167,0.14893617021276595,11.015873015873016,6.885135135135135,18.37344398340249,24.93617021276596,0.6047328302262559,21.0,37.8,1.8,5306.75,877.5,3371.7000000000003,0.7,9,189,36,70,83,197.0582573454914,5.0,1
o3tMwY72,0.09884559884559883,0.040740740740740744,0.1910569105691057,0.09803921568627451,6.251082251082251,3.637037037037037,11.865853658536585,7.7745098039215685,0.551687820473841,17.76923076923077,28.875,1.625,2031.9358974358972,283.6923076923077,715.8392857142857,0.5535714285714286,13,231,40,119,72,27.223640127987952,8.0,2
o703zeWr,0.12756468797564688,0.04859335038363171,0.20743919885550788,0.25,13.594520547945205,6.138107416879795,23.463519313304722,17.96875,0.5690814350689481,14.6,28.076923076923077,1.9230769230769231,577.2766666666666,66.75000000000001,251.57692307692307,0.576923076923077,25,365,13,182,170,450.6867830799336,12.0,2
oB7f3kPY,0.05788834951456311,0.05747126436781609,0.08024691358024691,0.02564102564102564,60.12135922330097,127.5478927203065,16.895061728395063,16.346153846153847,0.49731364327876193,14.714285714285714,25.75,1.875,618.0274725274725,146.98901098901095,519.6428571428571,1.2678571428571428,14,206,34,124,48,544136.0778830213,15.0,3
oKrr+gKt,0.14592198581560284,0.06882591093117409,0.24203821656050956,0.2727272727272727,12.207446808510639,7.421052631578948,27.21019108280255,14.969696969696969,0.5710464319156868,6.482758620689655,13.428571428571429,2.0714285714285716,148.0985221674877,22.61576354679804,79.03296703296701,0.9945054945054947,29,188,30,111,47,145.40593355330518,14.0,3
ofYEc8v4,0.1574263038548753,0.09382716049382717,0.3333333333333333,0.3372093023255814,7.523809523809524,8.234567901234568,12.055555555555555,10.720930232558139,0.5768280770341235,23.333333333333332,105.0,4.5,3041.5277777777783,406.25000000000006,10082.0,0.5,9,210,37,147,26,49.906128958760554,1.0,1
p60B04tM,0.20029808393210452,0.0380952380952381,0.21768707482993196,0.291005291005291,10.872340425531915,5.095238095238095,16.456431535269708,11.324324324324325,0.5927260976928796,20.42105263157895,38.8,1.9,1748.6725146198833,156.81286549707602,438.8444444444445,0.5444444444444445,19,388,69,83,236,1085.1651396986445,10.0,2
prBfx8hY,0.12264705882352941,0.034482758620689655,0.24102564102564103,0.125,8.6,4.028735632183908,16.56923076923077,12.291666666666666,0.5659914725287929,10.625,14.166666666666666,1.3333333333333333,491.26249999999993,118.11666666666669,171.60606060606062,0.42424242424242425,16,170,23,84,63,109.50769230769235,20.0,3
qofjqk+L,0.12989625317211526,0.08074534161490683,0.16605839416058393,0.03125,8.214814814814815,5.465116279069767,9.991886409736308,10.915094339622641,0.5604302431113243,18.764705882352942,31.9,1.7,1634.9411764705887,227.31617647058818,885.2111111111111,1.344444444444444,17,319,56,71,192,47.6265455046124,9.0,2
quwO3gi+,0.22420345794662735,0.08225108225108226,0.34379263301500684,0.2912280701754386,20.94510739856802,21.01313320825516,27.519685039370078,20.071428571428573,0.6041270171748043,15.25,34.3125,2.3125,2928.6563492063497,259.5071428571428,1227.1624999999997,2.629166666666667,36,549,103,221,225,4118.162051364037,18.0,3
rGM7ffKH,0.12832363714716657,0.007246376811594203,0.24482758620689654,0.09134615384615384,34.52036199095023,7.391304347826087,99.88620689655173,15.009615384615385,0.5487288086578721,6.90625,13.8125,2.0,200.82258064516128,19.18447580645161,71.62916666666666,1.4666666666666666,32,221,66,65,90,98583.7779925957,23.0,4
rUv0IIYN,0.18931289410741464,0.09404761904761905,0.5588235294117647,0.30158730158730157,9.907035175879397,8.388250319284802,17.180722891566266,15.292134831460674,0.591609187236475,31.285714285714285,39.81818181818182,1.2727272727272727,5301.478021978021,552.989010989011,1036.7636363636364,0.21818181818181817,14,438,79,302,57,68.17017708188303,18.0,3
rdozerIm,0.19745600153455137,0.12238805970149254,0.5950413223140496,0.2848101265822785,9.541062801932368,9.073286052009456,12.954954954954955,13.983739837398375,0.6001810412765056,19.470588235294116,36.77777777777778,1.8888888888888888,2657.779411764706,401.0147058823531,1676.4444444444443,1.1111111111111112,17,331,61,230,40,37.76408236011445,16.0,3
rkg+uaUQ,0.20105914251821724,0.10978043912175649,0.46296296296296297,0.27607361963190186,10.1067615658363,9.253493013972056,16.185185185185187,16.337423312883434,0.5920149915527116,21.615384615384617,40.142857142857146,1.8571428571428572,2109.423076923077,283.0897435897436,718.809523809524,1.4761904761904763,13,281,63,180,38,58.10998983223184,6.0,1
rpBQwP1m,0.13799751243781094,0.08875739644970414,0.32894736842105265,0.16981132075471697,10.09433962264151,9.96414342629482,17.37142857142857,13.90566037735849,0.5588891914393226,10.72,17.866666666666667,1.6666666666666667,553.59,70.71,120.4095238095238,0.523809523809524,25,268,50,190,28,115.57061177815898,14.0,3
rqRcar5a,0.060127431254191815,0.0,0.07878787878787878,0.042105263157894736,11.380281690140846,0.0,13.10909090909091,12.74736842105263,0.5270057753599203,35.5,35.5,1.0,6498.0,364.5,364.5,0.0,2,71,25,0,46,44.781891348088536,11.0,2
rt9gFB7c,0.08801169590643275,0.027777777777777776,0.25,0.0847457627118644,6.078431372549019,4.592592592592593,10.903846153846153,9.771929824561404,0.5434208122881784,21.375,24.428571428571427,1.1428571428571428,1135.125,168.26785714285714,115.95238095238096,0.14285714285714285,8,171,26,107,38,22.164860681114543,8.0,2
sYLwjNvb,0.11013977730395641,0.04081632653061224,0.17662337662337663,0.13793103448275862,18.930348258706466,8.474489795918368,33.38961038961039,11.448275862068966,0.5549074677434309,16.75,22.333333333333332,1.4444444444444444,1668.878787878788,207.84090909090904,637.5000000000001,0.5277777777777777,12,201,13,89,99,427.47512437810934,11.0,2
soCS33Jg,0.2749974616712357,0.14207650273224043,0.25854214123006836,0.35918367346938773,56.71855010660981,23.475409836065573,77.95671981776765,16.816326530612244,0.6047617206721996,15.633333333333333,46.9,3.0,1782.2574712643677,216.17126436781612,810.0999999999999,1.5555555555555556,30,469,93,81,295,310957.3864286627,10.0,2
spRKt5yE,0.12695578231292518,0.023148148148148147,0.2578947368421053,0.17857142857142858,13.760204081632653,5.527777777777778,30.38421052631579,16.571428571428573,0.5629327702967042,19.6,21.77777777777778,1.1111111111111112,456.44444444444446,87.15555555555554,79.69444444444446,0.1111111111111111,10,196,37,102,57,242.04989534275236,11.0,2
t2QjJgVj,0.12529498525073746,0.0594059405940594,0.2542372881355932,0.1414141414141414,9.68141592920354,6.0,17.384180790960453,14.0,0.5617403181236947,28.25,37.666666666666664,1.3333333333333333,8550.839285714284,1254.5,1651.8666666666668,0.2666666666666667,8,226,42,123,61,170.8936086529007,6.0,1
t5iRsEcV,0.13470853858784892,0.07250755287009064,0.22429906542056074,0.2523364485981308,18.974137931034484,19.59214501510574,19.27102803738318,13.345794392523365,0.5678302840386762,29.0,116.0,4.0,8943.42857142857,1458.0,5202.0,0.0,8,232,42,118,72,10858.934393193014,1.0,1
tjF+kUh+,0.08333333333333333,0.06158357771260997,0.13636363636363635,0.08641975308641975,7.378378378378378,6.0498533724340176,11.393939393939394,13.074074074074074,0.5344311472819671,20.555555555555557,23.125,1.125,1880.6944444444448,212.02777777777777,357.26785714285717,0.125,9,185,36,123,26,30.551703877790853,7.0,2
u9ZoUZ3R,0.10439672801635991,0.05351170568561873,0.2777777777777778,0.2413793103448276,6.871794871794871,5.109215017064846,11.575757575757576,29.32,0.5469922062346507,12.538461538461538,14.818181818181818,1.2727272727272727,350.52564102564105,60.76923076923078,69.76363636363638,0.41818181818181815,13,163,27,119,17,290.1511993382961,13.0,2
uMlKrzno,0.07490196078431373,0.024793388429752067,0.14285714285714285,0.0,7.741176470588235,3.074380165289256,16.447619047619046,0.0,0.535753145927109,9.444444444444445,21.25,2.5,538.6111111111111,84.27777777777776,394.9166666666667,1.6666666666666663,9,85,0,54,31,59.97983193277313,4.0,1
uUjk5pnh,0.10697167755991285,0.06140350877192982,0.12871287128712872,0.1016949152542373,6.88,4.359649122807017,9.031088082901555,11.568965517241379,0.548505177496658,21.857142857142858,25.5,1.1666666666666667,2658.2857142857147,607.1428571428572,1187.1,0.16666666666666669,7,153,27,50,76,38.589530201342285,7.0,2
uXVe9IQf,0.08722222222222223,0.04,0.2191780821917808,0.125,9.083333333333334,5.645714285714286,19.356164383561644,15.96875,0.543656969938715,20.0,40.0,2.3333333333333335,2177.866666666667,578.8,372.0,2.3333333333333335,6,120,16,79,25,113.62324929971989,2.0,1
ufYlYaO/,0.2501010101010101,0.0,0.23178807947019867,0.2772727272727273,15.115151515151515,0.0,18.3476821192053,14.74090909090909,0.6181050210410011,9.166666666666666,11.0,1.2666666666666666,693.4117647058823,53.67647058823529,49.42857142857143,0.20952380952380953,18,165,69,0,96,226.05373244641544,18.0,3
ugejT3H1,0.2548458149779736,0.08092485549132948,0.21621621621621623,0.75,18.726872246696036,3.092485549132948,26.972972972972972,56.891304347826086,0.618789399761152,37.833333333333336,113.5,3.0,3584.6666666666665,667.7666666666667,10512.5,2.0,6,227,41,87,99,5297.429495926084,1.0,1
ujH0P02R,0.09176291265985922,0.0683371298405467,0.3063063063063063,0.1267605633802817,12.477099236641221,13.96127562642369,30.234234234234233,16.619718309859156,0.5517478038348106,26.2,37.42857142857143,1.4285714285714286,2171.2888888888892,494.3999999999999,1795.6190476190475,0.6190476190476191,10,262,56,167,39,358.0511976836009,7.0,2
utSBMvWY,0.10228571428571427,0.08,0.20454545454545456,0.1506849315068493,17.44,17.603076923076923,32.20454545454545,22.493150684931507,0.5433316149257068,29.166666666666668,58.333333333333336,2.0,15089.466666666669,2475.766666666667,4476.333333333333,1.0,6,175,33,122,20,556.2937931034485,2.0,1
v0e2hjmG,0.13986013986013987,0.06626506024096386,0.24615384615384617,0.175,10.41958041958042,3.9879518072289155,21.93846153846154,19.975,0.5687798469150537,20.428571428571427,35.75,1.75,2419.3333333333335,598.6190476190476,1594.9166666666667,0.25,7,143,18,83,42,94.75228996355753,16.0,3
v2l2bWoi,0.2014058387173965,0.14018691588785046,0.21385542168674698,0.23684210526315788,13.798994974874372,8.448598130841122,18.10843373493976,22.61578947368421,0.5941533799971801,26.533333333333335,79.6,3.0,5530.028571428572,775.2666666666668,3257.3,2.0,15,398,75,98,225,122.86125843322414,4.0,1
v35QBMcc,0.11594650205761316,0.03608247422680412,0.26573426573426573,0.1774193548387097,12.12962962962963,10.43298969072165,18.62937062937063,14.225806451612904,0.5640581625048369,20.25,81.0,4.0,2979.839285714286,710.7857142857143,1800.0,0.0,8,162,29,91,42,583.9644582470672,1.0,1
v8eYD4kc,0.12171928916494133,0.07476635514018691,0.13766233766233765,0.16804979253112035,9.662921348314606,7.15485996705107,18.20424403183024,12.6,0.5551416057447762,28.75,65.71428571428571,2.2857142857142856,5676.495833333333,478.0666666666667,1778.9047619047617,1.9047619047619049,16,460,157,197,106,87.44918514019642,15.0,3
vB+nZZXf,0.14739290560186083,0.1293800539083558,0.1508588498879761,0.12972972972972974,45.00418410041841,27.307692307692307,23.21648460774578,148.5189393939394,0.5513346766275098,16.377777777777776,40.94444444444444,2.611111111111111,2692.540404040405,498.83131313131304,2106.0555555555557,1.7810457516339873,45,737,152,158,427,106565.55553801217,17.0,3
vCeat3Eq,0.1519514472455649,0.0,0.14511041009463724,0.27325581395348836,9.811764705882354,5.461538461538462,12.280757097791797,9.622093023255815,0.5797702184116149,42.5,85.0,2.0,24921.1,2062.7,15132.0,1.0,6,255,62,3,190,46.0904122278833,2.0,1
vPORsyeF,0.14898785425101213,0.035256410256410256,0.2653061224489796,0.28125,8.2834008097166,4.894230769230769,16.212244897959184,11.354166666666666,0.5744451417061439,41.166666666666664,123.5,3.0,10681.366666666667,1692.1666666666667,19012.5,2.0,6,247,40,136,71,45.69984529804812,3.0,1
vRCkbj3l,0.22648172418814622,0.11694915254237288,0.4774774774774775,0.40828402366863903,10.85,11.23728813559322,22.814814814814813,10.428571428571429,0.6043953812116504,54.5,65.4,1.2,37169.2,5186.699999999999,6577.3,0.2,6,327,78,209,40,72.6540404040404,6.0,1
vXHsti9y,0.2992886178861789,0.14130434782608695,0.3258426966292135,0.4375,28.04964539007092,8.068493150684931,43.88789237668161,42.89655172413793,0.6353763690291363,14.909090909090908,41.0,2.75,1590.8727272727274,383.6909090909091,1887.333333333333,2.25,11,164,27,43,94,3993.53323201621,6.0,1
vhFJYnRG,0.13806306306306307,0.04419889502762431,0.18032786885245902,0.3090909090909091,117.97297297297297,3.6187845303867405,162.39344262295083,390.6363636363636,0.5142918695163454,8.705882352941176,16.444444444444443,2.0,408.18382352941177,85.72058823529412,168.27777777777777,0.49999999999999994,17,148,25,84,39,936952.0536863391,8.0,2
vtQRvkDc,0.16220755347593582,0.12345679012345678,0.1938534278959811,0.08661417322834646,6.974264705882353,4.228395061728395,8.659574468085106,11.070866141732283,0.5758126087169628,18.133333333333333,24.727272727272727,1.3636363636363635,547.4095238095238,104.55238095238094,320.81818181818187,0.4545454545454546,15,272,52,72,148,48.93291458649884,11.0,2
wU6Xo9lP,0.07364894795127352,0.0,0.07655502392344497,0.05804749340369393,17.930232558139537,0.0,20.51578947368421,16.79155672823219,0.5272588692126599,39.09090909090909,86.0,2.6,8478.072727272727,786.4909090909091,4438.5,4.3,11,430,121,0,309,285.4356805984714,4.0,1
waNTT6ve,0.2528007954922108,0.07231404958677685,0.3975481611208406,0.43169398907103823,384.3619489559165,210.19834710743802,634.2837127845885,525.2732240437158,0.43949100169292155,17.24,39.18181818181818,2.3636363636363638,1685.5100000000002,261.3566666666666,1550.1636363636364,4.454545454545455,25,431,76,204,151,12476153.426827822,11.0,2
wayMz3/i,0.09454976303317535,0.03389830508474576,0.2838709677419355,0.14736842105263157,7.5545023696682465,4.827118644067797,15.864516129032259,11.452631578947368,0.5583884233026885,23.444444444444443,42.2,2.0,4787.527777777777,638.2777777777778,5067.199999999999,3.0000000000000004,9,211,41,126,44,41.410110584518165,3.0,1
wdprH7z6,0.16572916666666665,0.09041095890410959,0.17158176943699732,0.2740740740740741,13.628125,7.019178082191781,22.908847184986595,24.444444444444443,0.5695152383052859,15.238095238095237,40.0,2.625,1574.0571428571432,279.9904761904762,1344.5714285714287,2.5535714285714284,21,320,57,158,105,1699.9521845611278,7.0,2
wfnYk1TQ,0.14577546296296295,0.038461538461538464,0.22589531680440772,0.1651376146788991,12.805555555555555,7.871794871794871,24.060606060606062,12.926605504587156,0.5643865750764797,20.571428571428573,48.0,2.3333333333333335,2074.4615384615386,372.7252747252748,1098.8,0.6666666666666667,14,288,46,135,107,629.3139759969032,5.0,1
wwjj3TQT,0.17680776014109348,0.08097165991902834,0.26851851851851855,0.33070866141732286,11.577777777777778,4.101214574898785,23.996913580246915,13.0,0.6001799345132821,9.642857142857142,19.285714285714285,2.0,318.06878306878315,57.275132275132265,161.1428571428572,0.46153846153846145,28,270,52,123,95,1035.9251548946702,16.0,3
x056npc1,0.14006259780907668,0.05747126436781609,0.12626262626262627,0.29069767441860467,9.976525821596244,4.7701149425287355,22.338383838383837,13.5,0.5541422178138016,16.384615384615383,17.75,1.0833333333333333,693.2435897435898,94.58974358974359,198.9318181818182,0.08333333333333333,13,213,38,118,57,93.19284259013196,10.0,2
xBf5JkxM,0.3311939833216429,0.11461988304093568,0.4731610337972167,0.6598837209302325,11.27659574468085,10.880701754385965,18.852882703777336,7.377906976744186,0.6599034957968979,40.733333333333334,76.375,1.875,10458.266666666666,1548.352380952381,8501.410714285714,0.4107142857142857,15,611,143,308,160,1312.5479595395884,7.0,2
xENTqiQb,0.13305555555555557,0.03816793893129771,0.2440944881889764,0.22580645161290322,8.475,5.106870229007634,14.78740157480315,11.161290322580646,0.5700078804435966,17.142857142857142,24.0,1.4,933.2380952380953,168.47619047619048,374.0,0.30000000000000004,7,120,15,64,41,36.940546218487384,16.0,3
xUhMTyVR,0.10521022658427238,0.05449936628643853,0.2214765100671141,0.26037735849056604,11.898218829516539,9.376425855513308,25.040268456375838,23.045283018867924,0.5539876355019713,23.11764705882353,39.3,1.7,928.9411764705883,160.36029411764707,1599.3444444444447,1.5666666666666664,17,393,96,255,42,121.98451212546071,13.0,2
xgxucRK3,0.11893542757417103,0.05128205128205128,0.15289256198347106,0.10714285714285714,11.036649214659686,3.8653846153846154,17.669421487603305,18.19047619047619,0.5501917646476856,14.692307692307692,15.916666666666666,1.1666666666666667,678.5769230769231,102.23076923076924,104.81060606060606,0.1515151515151515,13,191,36,80,75,112.41443923945998,19.0,3
y6797eWc,0.07694460528855433,0.015957446808510637,0.20245398773006135,0.09090909090909091,8.955414012738853,3.0425531914893615,19.411042944785276,15.272727272727273,0.5452045436984176,15.7,39.25,2.5,430.1777777777777,26.9,370.9166666666667,1.6666666666666663,10,157,29,84,44,486.0172301159563,3.0,1
yka558y8,0.14450354609929078,0.10317460317460317,0.16606498194945848,0.175,30.43617021276596,3.0317460317460316,32.227436823104696,98.9875,0.5599391948993605,20.88888888888889,47.0,2.25,2368.2500000000005,498.8611111111111,6418.666666666667,3.5833333333333335,9,188,36,55,97,54144.632267607274,4.0,1
z/C43yrd,0.06978494623655913,0.04424778761061947,0.17525773195876287,0.08888888888888889,10.225806451612904,6.415929203539823,26.010309278350515,14.4,0.5366170160433444,11.071428571428571,22.142857142857142,2.0,850.2197802197802,197.60989010989013,633.1428571428571,1.6666666666666663,14,155,23,100,32,108.00712191034775,6.0,1
z9FlLLzt,0.1222543352601156,0.0,0.10491071428571429,0.10526315789473684,13.271676300578035,0.0,15.243303571428571,12.210526315789474,0.5459455824045755,19.22222222222222,43.25,2.25,1072.861111111111,124.19444444444446,196.25000000000003,0.24999999999999997,9,173,27,0,146,87.32692566205132,3.0,1
zNp6qJb4,0.17345238095238094,0.05172413793103448,0.2926829268292683,0.4444444444444444,29.642857142857142,36.85057471264368,13.991869918699187,38.46666666666667,0.5823905300241146,28.0,70.0,2.5,6208.3,1391.9999999999998,4608.0,0.5,5,140,19,82,39,58337.108941418286,1.0,1
